{"type": "FeatureCollection", "features": [{"type": "Feature", "properties": {"ADM1_NAME": "Anhui Sheng"}, "geometry": {"type": "Polygon", "coordinates": [[[114.86630940613028, 32.98962461314836], [114.93899713686388, 33.04207706659645], [114.91379432539689, 33.12744205866921], [114.99192666430928, 33.1063906578305], [115.0371954542685, 33.08262811198172], [115.08910393247075, 33.07307667510278], [115.1415875315746, 33.078427596801575], [115.17961920406664, 33.10822780696793], [115.26323623132502, 33.1569925023079], [115.301468574186, 33.19875199102049], [115.298012775399, 33.242843565421005], [115.34605514237832, 33.364675142275175], [115.33197774768409, 33.40614483727076], [115.33419838647481, 33.44947385620743], [115.36954566913666, 33.521104871890905], [115.40985149573524, 33.54951828117644], [115.46848867449191, 33.55795040559756], [115.57418720668622, 33.547988796707486], [115.60983326316027, 33.58042433595916], [115.6066227245667, 33.656380604935705], [115.56890765741967, 33.73738464586711], [115.61555423719379, 33.80896214757807], [115.60214127952989, 33.84859462340153], [115.57789718008976, 33.88773662352856], [115.56775715883911, 33.92989299872938], [115.57474455502198, 33.9727137130934], [115.60271655041853, 34.00935411550854], [115.64065014143198, 34.04011298713026], [115.665826177517, 34.07801987489599], [115.73422429361933, 34.06457569715455], [115.78807239991939, 34.06198492611598], [115.88165114962882, 34.03002652123707], [115.9452735581542, 33.988325013225925], [116.03013475872756, 33.88874881022192], [116.06656556905801, 33.80880606054936], [116.0923748274943, 33.77084578887876], [116.17402100886926, 33.730455214163776], [116.27767286001821, 33.75423558255134], [116.42350772117129, 33.80878822264969], [116.48067334859283, 33.865860297278104], [116.52795321899707, 33.886831443982466], [116.6312795101619, 33.88425854812122], [116.63870834706842, 33.97248184047482], [116.61260035835473, 34.00997841088843], [116.59950843432091, 34.051858269583164], [116.54243638899109, 34.12449708302305], [116.52287875054168, 34.1646334048628], [116.5445722759887, 34.26575693618626], [116.50978683502817, 34.30110872096782], [116.45781606355074, 34.28647392550199], [116.41114265975474, 34.263246440769684], [116.35922981476571, 34.25344532994772], [116.32646880016758, 34.33201917028852], [116.2330416935813, 34.37321682178363], [116.1939219566044, 34.40315520198528], [116.15828482872338, 34.45579046478732], [116.16038511088067, 34.562911417919935], [116.34036334820985, 34.63801159164587], [116.37772164169458, 34.66960881174469], [116.58663946536682, 34.53245131984192], [116.66046884683203, 34.49931124023897], [116.71674263286266, 34.49605611577479], [116.76683177491826, 34.48507782263546], [116.8000653840638, 34.449605668172836], [116.84891485165315, 34.43968419285869], [116.8948658918412, 34.41666179115842], [116.94762596998237, 34.40607146811705], [116.98146160848509, 34.372984926873436], [116.98014179893325, 34.28734785853841], [116.99460706539551, 34.245610734916305], [117.01939526164237, 34.20758349716162], [117.08390053893704, 34.13749087193469], [117.13475661448827, 34.12033229039386], [117.16525245745943, 34.08486904353], [117.21875718228968, 34.08021373898664], [117.3262706041754, 34.08501170642609], [117.3735905690361, 34.06502600713292], [117.42869615474218, 34.053793553751454], [117.52685429037845, 34.051024443240266], [117.55707362869508, 34.017871007340275], [117.6045452060176, 34.03783887601599], [117.6476647523031, 34.04514286829457], [117.66414559875712, 34.00462750273267], [117.65339465985635, 33.96086590045994], [117.65742574093609, 33.917978230679246], [117.70301105935722, 33.89881305840034], [117.74374499985082, 33.86787577044701], [117.74678611590767, 33.82924656257277], [117.73136205027625, 33.7578564204405], [117.77583271082088, 33.73261786896109], [117.82428522191302, 33.71604788648272], [117.8773485794648, 33.72143449632812], [117.97207772278676, 33.76272127187748], [118.02519894963163, 33.77195161270168], [118.0780259581263, 33.77414104655739], [118.16932606842748, 33.75333931564056], [118.17026694242558, 33.70942612756154], [118.15636344745633, 33.66921396123562], [118.12375845945508, 33.6340851096406], [118.14214332007136, 33.55005337762559], [118.12325459181108, 33.50840538600826], [118.02753554978565, 33.46859449991397], [118.02418671709107, 33.42963984227301], [118.00630132204067, 33.390917002213165], [117.94734753822797, 33.33840216635517], [117.95825894461464, 33.29541195233785], [117.9831318510503, 33.25904794812814], [118.0552131676693, 33.20577954228587], [118.2222511106388, 33.207041451489], [118.25062436715002, 33.03685099949673], [118.28155716493934, 33.00107557752771], [118.29550967777742, 32.962308166762995], [118.28340770556899, 32.91960783042216], [118.28195851557996, 32.87663543318886], [118.28958801234042, 32.83362742141218], [118.34174168005603, 32.75883941595642], [118.51886161107294, 32.71028422754136], [118.62589337346517, 32.737569459860296], [118.67687872202832, 32.72580636820036], [118.72497014153188, 32.72727791132925], [118.7399527076207, 32.769416401963696], [118.7398813607401, 32.81285693107513], [118.79179421752794, 32.887778786534646], [118.79959764498682, 32.93179904027546], [118.83833392649821, 32.94828876770112], [118.97043033488875, 32.957933801847936], [119.01555637368261, 32.94008848455253], [119.04582920105008, 32.90384490117756], [119.13287537118978, 32.84500258863403], [119.16348265786623, 32.80955277598454], [119.18102470582905, 32.76929155765045], [119.17940604283643, 32.72639498827025], [119.193144563645, 32.68430109762461], [119.19144566749787, 32.60389904169294], [119.14151706469303, 32.58748509076603], [119.11888713117271, 32.501170252766464], [119.08264353714975, 32.466670166856], [118.94651615912865, 32.53128253740365], [118.9110886147595, 32.56376262304847], [118.81117793033643, 32.5902853594881], [118.75798091615226, 32.593473652086544], [118.71517349606499, 32.618547135784844], [118.55833357867941, 32.59104786180877], [118.5617670312645, 32.55207983553388], [118.59809983303917, 32.51797663105991], [118.58944914527689, 32.47563301286404], [118.62017684429853, 32.45734622985023], [118.66764839411206, 32.4808367494771], [118.70990733666689, 32.46954184760627], [118.71898602828124, 32.42722499013273], [118.71973962658073, 32.383619453012436], [118.71053160439565, 32.3416726535798], [118.6107547079459, 32.24425918378755], [118.56185181575609, 32.228054766574814], [118.50208203935654, 32.221058410298596], [118.49032783937275, 32.13693298714205], [118.4208683962386, 32.101585708547745], [118.37130547494299, 32.03610829946739], [118.33030849267882, 31.956678371866207], [118.34945587760878, 31.91657767816128], [118.44853263540521, 31.892654555226077], [118.48937805130865, 31.86528014100433], [118.52542090315956, 31.83103870112826], [118.55093589660851, 31.793256747157326], [118.58947594759847, 31.765253584313076], [118.64280675146485, 31.75363759043148], [118.64437189466871, 31.687758892394147], [118.69631155986387, 31.67826986119794], [118.74418444575011, 31.693341654964538], [118.76919556586766, 31.658038925059092], [118.79496017101961, 31.63484719828329], [118.85990698686001, 31.64610642077742], [118.87896518073946, 31.606184062609664], [118.86967690524477, 31.484776147928674], [118.8456022647019, 31.44643234052894], [118.76767051035729, 31.388918820314856], [118.72206285793214, 31.36468360332517], [118.74003748760067, 31.280170265675263], [118.75622403304395, 31.236707373349283], [118.79681515912817, 31.218969144482305], [118.9024735710383, 31.228868286376283], [119.09413914826746, 31.28075437725732], [119.13613053896353, 31.308521220435953], [119.19689017448461, 31.287594688174018], [119.24815201353861, 31.277793614892154], [119.29859342057611, 31.278578342037513], [119.35112161100317, 31.292811838840638], [119.37430002964767, 31.232154683817942], [119.42276146760719, 31.20258638054814], [119.51918061390263, 31.17358441290478], [119.60110321402331, 31.16653455420044], [119.6138607211044, 31.080514057841114], [119.56874805725589, 30.88512960455708], [119.53658450729088, 30.802680802702103], [119.48344540175266, 30.728418957105543], [119.44252873146301, 30.703104618889615], [119.39305943438994, 30.690124219595273], [119.32667677775818, 30.63187492001389], [119.29299724085743, 30.549363771002696], [119.29985083444215, 30.507778202490158], [119.37418406206098, 30.410025757030024], [119.36672845595047, 30.37419686199858], [119.31325493196084, 30.36584497527362], [119.2677319368553, 30.34910553313819], [119.23406126650444, 30.31576033726402], [119.18456970048378, 30.304282640975426], [119.08860989528466, 30.334091748401363], [119.03782066004261, 30.341177265521374], [118.99041603041134, 30.358576613207646], [118.94071930950504, 30.36669223302286], [118.90283926884848, 30.317459302129514], [118.90736523036712, 30.27404550255509], [118.89864324598409, 30.231327310108995], [118.84715394982207, 30.16819536755988], [118.87951812049434, 30.144218725912875], [118.86855317650569, 30.099765992583336], [118.87735105833505, 30.02873250318704], [118.87167901041968, 29.98575567877145], [118.85385160584114, 29.944687336458315], [118.8189457233975, 29.913790238339956], [118.73432092086934, 29.864967516364924], [118.7047971654159, 29.830213332498065], [118.70975571825385, 29.78669690910968], [118.72608937423725, 29.74436670721915], [118.72456435101363, 29.70285691211938], [118.69468836816331, 29.66705479626739], [118.6467664463232, 29.65213907469715], [118.59553583039103, 29.647688917303636], [118.54672207616855, 29.634235833952427], [118.50566714032963, 29.609804390588526], [118.46567346037241, 29.572410383777267], [118.4525770538689, 29.534837970955312], [118.40218476689259, 29.521202094087183], [118.32359312028964, 29.51544532473826], [118.17415526875281, 29.41830825874395], [118.13570441985773, 29.44510303875689], [118.12533702102584, 29.487714226407483], [118.13486612571657, 29.533161358100763], [118.09743637367805, 29.553325461421043], [117.99470320253084, 29.57349842881968], [117.89998741720865, 29.544933399706817], [117.8022305729628, 29.568865404148518], [117.73876861811202, 29.57387296655745], [117.65050519825242, 29.61469605410202], [117.55065254588926, 29.633094294634084], [117.51035114850947, 29.656513485351592], [117.44693833821312, 29.724523644040364], [117.42623020754972, 29.764129471270543], [117.425681766912, 29.81067801454741], [117.3995513920843, 29.83999655111778], [117.3462205576011, 29.850698427944923], [117.29441030374178, 29.849940388744063], [117.26895769448424, 29.88513162558249], [117.26078862121891, 29.928023710647157], [117.20195082917276, 29.95893419923731], [117.1559239445579, 29.939679805208076], [117.1160595894835, 29.911984285051837], [117.08547907214195, 29.87737273309495], [117.08567084398501, 29.83509159130556], [117.1021650724997, 29.79339003706758], [117.07501808070985, 29.727190190669322], [116.97918748517552, 29.6963956724282], [116.93912695696494, 29.670198475522422], [116.87400621611197, 29.602955212740618], [116.83242068829321, 29.57864863291102], [116.78175191762452, 29.583250459498277], [116.69234241871393, 29.620796112363642], [116.66176639475356, 29.655996196287845], [116.6553631425848, 29.699245043207405], [116.66631468006524, 29.741049143381304], [116.69664552765009, 29.77693597453405], [116.84800075919969, 29.893947230622338], [116.87697597128023, 29.929660184051194], [116.87880867041612, 29.972663715696616], [116.8092289145909, 30.036518100996656], [116.7758926666182, 30.079271930571007], [116.7363983584096, 30.106980773484025], [116.68831590300026, 30.108893718176024], [116.62148288256839, 30.07122324272765], [116.5876695459366, 29.98932738416045], [116.5388780333965, 29.91294745619605], [116.48960940645142, 29.90346742535817], [116.43860626700041, 29.908787147102075], [116.31461205061007, 29.840638667211728], [116.11739486873327, 29.87860348645558], [116.08311329867655, 29.960271870270912], [116.06148666049997, 30.176052303019333], [116.03602521267727, 30.21397242027163], [115.91790804293717, 30.319439097270045], [115.88774222948378, 30.402008259459976], [115.89462269376558, 30.446068650157258], [115.86831842167253, 30.529846260040248], [115.8459916894629, 30.56880097258731], [115.76182614233417, 30.667458608769877], [115.7574785616556, 30.71024362016576], [115.78388087857067, 30.74757081115004], [115.83214620527143, 30.785535578358218], [115.85097695372704, 30.825948432246363], [115.84933599845677, 30.865522963570754], [115.89360151868232, 30.88904465170522], [116.03683676410579, 30.944649697622026], [116.0374521453002, 31.015897217967733], [115.9880586808357, 31.028766173448066], [115.79857804741029, 31.113961787560655], [115.69052067577134, 31.207219351057457], [115.63988309577373, 31.216806440320024], [115.59578711469462, 31.1931286321073], [115.56289671667518, 31.160425615970873], [115.51969701059261, 31.175113809332668], [115.4735319062162, 31.22707575243666], [115.49414190733964, 31.26742616196608], [115.47696092171607, 31.299143761702144], [115.3899995348304, 31.347533962212037], [115.35017983441976, 31.414572052298528], [115.37739367089593, 31.470400015202245], [115.37903465004224, 31.513037911878836], [115.41318687546007, 31.59491594140921], [115.44998783011461, 31.624934623814788], [115.61623209960439, 31.729892919812112], [115.69212149650484, 31.789328233358013], [115.7546247386501, 31.774961029587963], [115.86018943857246, 31.776878445357102], [115.90535129136408, 31.787562426906803], [115.93855375639144, 31.823270905958307], [115.92563571300488, 31.878701993433793], [115.92562678014352, 31.92192412331149], [115.96379222454411, 32.04754585684728], [115.95863307026698, 32.09041570605002], [115.93060314898668, 32.17406396255435], [115.92999220625514, 32.302824968290274], [115.90379946621937, 32.38647773857226], [115.88833531152935, 32.47196758913298], [115.92611727499201, 32.552030727063325], [115.92964888306561, 32.5952127243201], [115.8737407045337, 32.587614363779444], [115.84040890289658, 32.554826576958334], [115.71455522445873, 32.47840656012084], [115.6787486800398, 32.44649723235784], [115.58761801429755, 32.4035917457584], [115.50751472029654, 32.432241439687594], [115.44820425104346, 32.5049559844247], [115.4128479786452, 32.53602700662325], [115.22025944675923, 32.61940776651804], [115.2084428226344, 32.68897862262151], [115.1891259601838, 32.72936032044944], [115.17972622439297, 32.77162807732093], [115.17316236498162, 32.85912906609684], [115.1465594199859, 32.89113649727654], [115.09219408378587, 32.899992243143785], [115.038354821076, 32.899234165086725], [114.95810888052213, 32.95361293921174], [114.90612909862571, 32.96266046619508], [114.86630940613028, 32.98962461314836]]]}}, {"type": "Feature", "properties": {"ADM1_NAME": "Hubei Sheng"}, "geometry": {"type": "Polygon", "coordinates": [[[115.35017983441976, 31.414572052298528], [115.3899995348304, 31.347533962212037], [115.47696092171607, 31.299143761702144], [115.49414190733964, 31.26742616196608], [115.4735319062162, 31.22707575243666], [115.51969701059261, 31.175113809332668], [115.56289671667518, 31.160425615970873], [115.59578711469462, 31.1931286321073], [115.63988309577373, 31.216806440320024], [115.69052067577134, 31.207219351057457], [115.79857804741029, 31.113961787560655], [115.9880586808357, 31.028766173448066], [116.0374521453002, 31.015897217967733], [116.03683676410579, 30.944649697622026], [115.89360151868232, 30.88904465170522], [115.84933599845677, 30.865522963570754], [115.85097695372704, 30.825948432246363], [115.83214620527143, 30.785535578358218], [115.78388087857067, 30.74757081115004], [115.7574785616556, 30.71024362016576], [115.76182614233417, 30.667458608769877], [115.8459916894629, 30.56880097258731], [115.86831842167253, 30.529846260040248], [115.89462269376558, 30.446068650157258], [115.88774222948378, 30.402008259459976], [115.91790804293717, 30.319439097270045], [116.03602521267727, 30.21397242027163], [116.06148666049997, 30.176052303019333], [116.08311329867655, 29.960271870270912], [116.11739486873327, 29.87860348645558], [116.06604837597907, 29.80037302733461], [115.94545193127271, 29.733361635658092], [115.89437290510226, 29.72792151050116], [115.84958573912203, 29.74777341774449], [115.7418226183382, 29.81433447214117], [115.69263427014594, 29.80219680157246], [115.69663853192672, 29.84561058864106], [115.59503792512233, 29.853418468180752], [115.51571058400228, 29.842462435575904], [115.45390293504191, 29.773355308430844], [115.41037769940459, 29.694705696373532], [115.37378630603041, 29.66446851475901], [115.32834805029609, 29.645624375615817], [115.27726007555582, 29.639484144056084], [115.2271576315111, 29.643564224723335], [115.17867827401575, 29.665730413209463], [115.14840102487263, 29.645530716216943], [115.15831809540806, 29.556500283904775], [115.10801050400585, 29.54770692684282], [115.05888453239868, 29.556928407726428], [114.97030455554494, 29.554141419664052], [114.9271760558749, 29.53110128321414], [114.88963490945025, 29.499967844828166], [114.88073010465878, 29.460941803613824], [114.86148012812285, 29.42349422841151], [114.8142315110968, 29.40624195847608], [114.76397741356968, 29.399629170631083], [114.71487383453177, 29.409189452142083], [114.66831188747435, 29.427953318666706], [114.6227889312989, 29.413256143230672], [114.50112232338012, 29.354199803212413], [114.45139896307053, 29.345954916924025], [114.34027816000358, 29.36614129318795], [114.28938194131317, 29.363180478162487], [114.24052356703724, 29.351279082230437], [114.19943299469895, 29.325862186856735], [114.15017776485946, 29.314723357841103], [114.11085290596215, 29.285048069546782], [114.13062907577448, 29.24275792217985], [113.99259306341543, 29.170319905264474], [113.96044740589664, 29.136854315964296], [113.916779500248, 29.053513681763878], [113.83086593921357, 29.098813716844106], [113.78297526141183, 29.11408168904075], [113.733911748356, 29.10682675439146], [113.6755287315389, 29.138009196621894], [113.65200692272647, 29.222103411496505], [113.61828719923933, 29.25444972677189], [113.61065771250911, 29.3256169874106], [113.66430066706171, 29.402286751509955], [113.70866429621107, 29.405693517388553], [113.73620820807474, 29.452946629103554], [113.7131947716239, 29.48960043987418], [113.65168146619125, 29.538347295440488], [113.64416340344326, 29.621656653811204], [113.60300587297444, 29.650003208596175], [113.57261709305945, 29.679946090328993], [113.57475301525024, 29.70910414206576], [113.52400398737521, 29.727524642095393], [113.5281510190339, 29.76869106180804], [113.46832317792843, 29.75504627450699], [113.4255916528299, 29.731876707035497], [113.37735752014953, 29.71522644849629], [113.35235535303141, 29.680155611463636], [113.29821743260182, 29.662943464858934], [113.15932535600302, 29.510428889667658], [113.10716280158613, 29.47603583336093], [113.06200545785896, 29.45610806783787], [113.0174501410315, 29.51434397548883], [112.97197625876099, 29.536403123152848], [112.9561330626262, 29.571723690510424], [112.96981799331232, 29.61392909999121], [112.99119496338515, 29.652972934283863], [113.04622473877437, 29.72574997355754], [113.05361346072831, 29.769547199820742], [113.02866925994016, 29.808234360658265], [112.98400237507413, 29.797733227636183], [112.94026311521748, 29.774733138756368], [112.83361026832503, 29.753498952673798], [112.75275343497748, 29.700502554770342], [112.69311745088598, 29.641495223497504], [112.64459343960456, 29.6298748499979], [112.59300172354429, 29.628826926500174], [112.43956846245588, 29.648237355088977], [112.40091696083881, 29.633129919974458], [112.38770910831714, 29.58700947739404], [112.36785717899168, 29.548527465529332], [112.31749162557175, 29.553249595903754], [112.27368100976965, 29.577903976718982], [112.23731259924726, 29.607374210378612], [112.21053120842875, 29.644723576145363], [112.13952004467754, 29.66024570539517], [112.09605267564969, 29.682625953195117], [112.05526085661111, 29.70875627736596], [111.99916980783185, 29.77858138791252], [111.91316270766998, 29.826244670811626], [111.8223932523311, 29.86074474323227], [111.79475572120862, 29.898330497478693], [111.74465321202159, 29.88813704808545], [111.6964548025783, 29.90175068428581], [111.64581284313678, 29.907293277123905], [111.44094832335655, 29.91676000572682], [111.39534954922466, 29.929348055692078], [111.27323260764562, 29.994950367977616], [111.2229696068736, 30.037218187589676], [111.11366366584076, 30.05501444796133], [111.0109170921674, 30.049971144563298], [110.95979346579958, 30.05507684470195], [110.91443552054064, 30.073154064246367], [110.87599358064774, 30.102923031691965], [110.83221418448319, 30.12480377470561], [110.7800070134416, 30.12668106512481], [110.746991804485, 30.09478963509586], [110.7274074074168, 30.052865182577552], [110.68351646261267, 30.038720836450665], [110.58425250235854, 30.061502401384], [110.53258486527834, 30.06612203168056], [110.48707524474862, 30.050497323143727], [110.48767723857306, 30.008372209196814], [110.5051970481808, 29.91295192475778], [110.530212608276, 29.87615095350888], [110.61335702967217, 29.8255802535492], [110.6424794241929, 29.794638575028323], [110.61339713111406, 29.756896724879297], [110.54650173253006, 29.716804966957685], [110.49389768128388, 29.719525039085305], [110.46124814365993, 29.696128161040615], [110.44406280023713, 29.65273660447597], [110.41597044896432, 29.618655683686743], [110.36655466245843, 29.60717354876061], [110.31630504898054, 29.617630101754106], [110.27867023759102, 29.64568676768667], [110.226043919298, 29.720354416614022], [110.15112209280947, 29.779450910209935], [110.10356138556014, 29.794513767284226], [109.89933902814893, 29.815850525459222], [109.85310260863598, 29.802856742126156], [109.81186480087382, 29.77536189415282], [109.77018560324326, 29.743996608298144], [109.6909250582623, 29.661632504648043], [109.64887125978858, 29.636759693134895], [109.53190461271194, 29.602647537043847], [109.44400676660106, 29.55801193793058], [109.41255229535936, 29.48434756214912], [109.34081877177512, 29.422887776861593], [109.29587549936322, 29.345031931797376], [109.26019378969814, 29.31758612446329], [109.21504091634017, 29.294751082826146], [109.21265972486522, 29.253709468707953], [109.23548139923487, 29.168224050787458], [109.21877319555898, 29.127120119353474], [109.17586322315928, 29.150459036718537], [109.14703512161071, 29.186060522084595], [109.10621655322716, 29.26534773102008], [109.09886793195464, 29.308841834276816], [109.083412728045, 29.349285850964534], [109.04166209667291, 29.39633829029405], [109.00300616457952, 29.368036400400257], [108.94987596122144, 29.34269534018367], [108.91021675578129, 29.3702302473997], [108.90580666821471, 29.413256146746566], [108.85404094448842, 29.535520262464857], [108.84319196868115, 29.62195548348037], [108.83162059394664, 29.66503484643757], [108.73377902280868, 29.686978054446453], [108.68975876166903, 29.70822125054263], [108.6636730316454, 29.74562415036099], [108.63730634869499, 29.839425851496838], [108.58218299138471, 29.843537069189047], [108.50918750739304, 29.913687713242805], [108.51984471427517, 29.956807162989154], [108.51563084958015, 29.99875838045467], [108.48468917592332, 30.081528234990305], [108.54451696434097, 30.145681305124864], [108.53958076480018, 30.189434042177474], [108.52940947315325, 30.23207193973935], [108.51146612754519, 30.2725739827622], [108.44816020998074, 30.340606491266048], [108.42511558383809, 30.379280266770472], [108.41313842657037, 30.421552561992296], [108.41645159873228, 30.493219195948267], [108.46754391013319, 30.500594531554164], [108.56976880351448, 30.49847648071879], [108.61055622941595, 30.524638035556297], [108.63590174669852, 30.563730994348816], [108.68355618308406, 30.566999491033624], [108.71037319977172, 30.529493963730648], [108.75671216603611, 30.514275076578322], [108.80243135978077, 30.533261894722063], [108.95563714367351, 30.64717858937595], [109.05728233624744, 30.672506293107748], [109.09070775019687, 30.648538601975147], [109.07456137088106, 30.606542814854688], [109.10202048793911, 30.559147036321082], [109.15342060116951, 30.563931613428675], [109.19953213628634, 30.583435727977037], [109.27009739001001, 30.646349216342905], [109.30248829946427, 30.612638360272804], [109.33117816637404, 30.526229934150386], [109.36086243620736, 30.535380010789748], [109.4036653218719, 30.61568396132895], [109.52361516753886, 30.67816936586735], [109.57091729076211, 30.69500240695827], [109.61142823415462, 30.72213158338738], [109.66167338100614, 30.75963266449655], [109.75539476572033, 30.863302255433602], [109.90779793795791, 30.888362431922474], [109.95894822846434, 30.881080725879844], [110.00435526027795, 30.860809687840106], [110.07332422293203, 30.84911789015067], [110.13205056561588, 30.96926391210619], [110.13294240672744, 31.012490410100387], [110.11687625337683, 31.09795800206795], [110.17130403122424, 31.21978065381167], [110.1670366545857, 31.26265940869337], [110.12216922337089, 31.360670392947007], [110.05645097608094, 31.427717453360035], [109.91117789882378, 31.51454506315537], [109.8122616815467, 31.5433419290701], [109.72545634514755, 31.51944117132333], [109.72984857163627, 31.562948642665436], [109.75169366245052, 31.602648015638824], [109.76322940564351, 31.64482215585826], [109.74838951160187, 31.68632306863853], [109.72186233361475, 31.723659112143853], [109.68038822487891, 31.749276624942887], [109.58588200586702, 31.72876920742749], [109.58728666038905, 31.77107712518819], [109.6137246981338, 31.808850216346446], [109.61969542225624, 31.851028856757424], [109.58379514400349, 31.93246099496771], [109.5766963144504, 31.975348553512884], [109.58705029606931, 32.06129334174342], [109.58014764988272, 32.14760809879686], [109.56301132307374, 32.21542662036945], [109.50868162196277, 32.28930498704058], [109.49237024450417, 32.330480322452075], [109.48675619737344, 32.373332284856865], [109.49297217144357, 32.41634032021067], [109.54917913435372, 32.50068866976348], [109.58387541475746, 32.532705035610476], [109.60335722351944, 32.57312674442448], [109.63896763490202, 32.60240077677247], [109.71683693098225, 32.6115463993114], [109.8213493111547, 32.60147775514332], [109.87414503234552, 32.608121787411925], [109.92468901494608, 32.605174296263385], [109.96984184186299, 32.58101042757223], [110.02323955609901, 32.574281669796115], [110.0603482128902, 32.6004119571371], [110.10214338539501, 32.619519232330504], [110.16342923490433, 32.630796295714674], [110.17582555696796, 32.67046003413058], [110.11241715569051, 32.81369083571434], [110.07236547917857, 32.84209970600725], [109.97629411909723, 32.87876248754292], [109.80610810712125, 32.91941162930631], [109.76602969640027, 32.94782502758123], [109.75749942827164, 33.03421560593297], [109.740037614352, 33.074940578954156], [109.70392784993646, 33.10522678787173], [109.60084677120848, 33.13006846398439], [109.54776559056018, 33.13104499782481], [109.4646168195554, 33.167275249666176], [109.48760342550851, 33.20642614850841], [109.53507945780028, 33.225756345026404], [109.62917988022201, 33.23940118165855], [109.7883385703705, 33.22675963671416], [109.94410840748787, 33.20011205893683], [110.10197389443665, 33.22056145390411], [110.2030394359667, 33.192335341111836], [110.36150253382952, 33.183011372941245], [110.41387913301043, 33.190681070488296], [110.45932183572464, 33.23125442662043], [110.5086974286382, 33.24683452936144], [110.56053899532476, 33.23796089463792], [110.59159662261831, 33.20331815051191], [110.61198357890535, 33.163846213385185], [110.67643546042169, 33.123326358088875], [110.77186022009352, 33.16167904742737], [110.85562886672797, 33.21467996010623], [110.90429552693992, 33.23266790792931], [110.97248852606921, 33.27290688176919], [111.01330714291412, 33.232311197833326], [111.05851802770394, 33.208878631874036], [111.13172302843446, 33.146754433629184], [111.1870203995614, 33.072849263049235], [111.22803517528894, 33.045523895651556], [111.25988655688795, 33.010676067228786], [111.24831518707917, 32.94454307715394], [111.26293212117965, 32.88263741218621], [111.40251091979647, 32.82274279303026], [111.46733284614926, 32.75431342108949], [111.4861235006944, 32.713762363771686], [111.55452162656299, 32.648088739111145], [111.63944970496385, 32.628771851139184], [111.68762135279742, 32.64781671573394], [111.7296974096698, 32.610150672351665], [111.86124538442131, 32.53751191621863], [111.9586098113611, 32.50447887926645], [112.07553190768009, 32.45022948383642], [112.10914014797844, 32.41748627857617], [112.15771312315748, 32.40018944575673], [112.20979096947903, 32.39282746935528], [112.2735427542055, 32.35072018066694], [112.32510337647382, 32.350185099175185], [112.3737120381691, 32.36760676745455], [112.4254821334059, 32.37369346949601], [112.51348254299086, 32.395743740647745], [112.58121627864087, 32.39907470123961], [112.67670348577967, 32.368257849273284], [112.72826402062593, 32.3605836764918], [112.87632848659487, 32.40228971616179], [112.93019893534886, 32.40065316645852], [112.9797127166898, 32.40691820587355], [113.06380245876612, 32.43000747977181], [113.13121962920957, 32.42500435293776], [113.18232541052812, 32.44132021655686], [113.23133092691832, 32.43765479950922], [113.27557410388513, 32.41170731041015], [113.30079034128669, 32.375401330358244], [113.31612518761997, 32.33603635838392], [113.40985105499765, 32.29097712374514], [113.45030396107208, 32.30373910115514], [113.48217764472838, 32.340036172469226], [113.52396384119088, 32.36654999260115], [113.5736605335433, 32.37933866857316], [113.64884097805758, 32.4367540651522], [113.70257765847215, 32.43910849180991], [113.73691712781121, 32.3585146902899], [113.74748080963666, 32.27252540890022], [113.75973443107242, 32.230315540915036], [113.75903434852847, 32.1874679998289], [113.73348810116525, 32.103520983134054], [113.75389296686241, 32.05064938954879], [113.75494532494463, 32.00802040730401], [113.74742279344524, 31.964508501201582], [113.7621690514345, 31.923783571027407], [113.79628568369787, 31.8904963695711], [113.84089004620571, 31.867023656909936], [113.89028790369524, 31.876557230567048], [113.93124475152476, 31.85060974015281], [113.93568603810145, 31.763683987785356], [113.97353493002875, 31.73965391514776], [114.11330990302427, 31.802317590248414], [114.16098216973145, 31.843961170052637], [114.22626334561774, 31.834387476055717], [114.305314357294, 31.777261940550975], [114.35375800596275, 31.760223706918747], [114.40467649801019, 31.75699089031875], [114.50776638634842, 31.770020377062988], [114.55818993031001, 31.757022070267933], [114.56595767522862, 31.67892984302798], [114.5382532814562, 31.640648486921144], [114.55313336223695, 31.603655791497292], [114.71857492392165, 31.54534405209217], [114.78901532099846, 31.48454872869693], [114.83606772780657, 31.46484840184786], [114.88282145866236, 31.484905417553747], [114.98678533327298, 31.496075471113823], [115.03434163881646, 31.512948702479527], [115.06816842511283, 31.54626712848097], [115.08948734122436, 31.58577473183368], [115.13272727690045, 31.60071718200852], [115.17778203125353, 31.57533601035214], [115.19065992906759, 31.47312898235251], [115.20788542630663, 31.434067222415315], [115.25138839987498, 31.40846751539746], [115.30240497456911, 31.39893840686425], [115.35017983441976, 31.414572052298528]]]}}, {"type": "Feature", "properties": {"ADM1_NAME": "Hunan Sheng"}, "geometry": {"type": "Polygon", "coordinates": [[[109.26036765784721, 28.49297348404517], [109.26557139094002, 28.570775919731037], [109.25765201899618, 28.6129054580119], [109.16033219840115, 28.630050714420197], [109.18987375923089, 28.66712365538589], [109.23535209400147, 28.688482799900907], [109.26488471336573, 28.719576112935222], [109.2599618446065, 28.76427408402461], [109.21746222595323, 28.895059574127252], [109.22670587567399, 28.937532481642897], [109.27910478006824, 29.059288241246055], [109.25695201360669, 29.09794419684756], [109.21877319555898, 29.127120119353474], [109.23548139923487, 29.168224050787458], [109.21265972486522, 29.253709468707953], [109.21504091634017, 29.294751082826146], [109.26019378969814, 29.31758612446329], [109.29587549936322, 29.345031931797376], [109.34081877177512, 29.422887776861593], [109.41255229535936, 29.48434756214912], [109.44400676660106, 29.55801193793058], [109.53190461271194, 29.602647537043847], [109.64887125978858, 29.636759693134895], [109.6909250582623, 29.661632504648043], [109.77018560324326, 29.743996608298144], [109.81186480087382, 29.77536189415282], [109.85310260863598, 29.802856742126156], [109.89933902814893, 29.815850525459222], [110.10356138556014, 29.794513767284226], [110.15112209280947, 29.779450910209935], [110.226043919298, 29.720354416614022], [110.27867023759102, 29.64568676768667], [110.31630504898054, 29.617630101754106], [110.36655466245843, 29.60717354876061], [110.41597044896432, 29.618655683686743], [110.44406280023713, 29.65273660447597], [110.46124814365993, 29.696128161040615], [110.49389768128388, 29.719525039085305], [110.54650173253006, 29.716804966957685], [110.61339713111406, 29.756896724879297], [110.6424794241929, 29.794638575028323], [110.61335702967217, 29.8255802535492], [110.530212608276, 29.87615095350888], [110.5051970481808, 29.91295192475778], [110.48767723857306, 30.008372209196814], [110.48707524474862, 30.050497323143727], [110.53258486527834, 30.06612203168056], [110.58425250235854, 30.061502401384], [110.68351646261267, 30.038720836450665], [110.7274074074168, 30.052865182577552], [110.746991804485, 30.09478963509586], [110.7800070134416, 30.12668106512481], [110.83221418448319, 30.12480377470561], [110.87599358064774, 30.102923031691965], [110.91443552054064, 30.073154064246367], [110.95979346579958, 30.05507684470195], [111.0109170921674, 30.049971144563298], [111.11366366584076, 30.05501444796133], [111.2229696068736, 30.037218187589676], [111.27323260764562, 29.994950367977616], [111.39534954922466, 29.929348055692078], [111.44094832335655, 29.91676000572682], [111.64581284313678, 29.907293277123905], [111.6964548025783, 29.90175068428581], [111.74465321202159, 29.88813704808545], [111.79475572120862, 29.898330497478693], [111.8223932523311, 29.86074474323227], [111.91316270766998, 29.826244670811626], [111.99916980783185, 29.77858138791252], [112.05526085661111, 29.70875627736596], [112.09605267564969, 29.682625953195117], [112.13952004467754, 29.66024570539517], [112.21053120842875, 29.644723576145363], [112.23731259924726, 29.607374210378612], [112.27368100976965, 29.577903976718982], [112.31749162557175, 29.553249595903754], [112.36785717899168, 29.548527465529332], [112.38770910831714, 29.58700947739404], [112.40091696083881, 29.633129919974458], [112.43956846245588, 29.648237355088977], [112.59300172354429, 29.628826926500174], [112.64459343960456, 29.6298748499979], [112.69311745088598, 29.641495223497504], [112.75275343497748, 29.700502554770342], [112.83361026832503, 29.753498952673798], [112.94026311521748, 29.774733138756368], [112.98400237507413, 29.797733227636183], [113.02866925994016, 29.808234360658265], [113.05361346072831, 29.769547199820742], [113.04622473877437, 29.72574997355754], [112.99119496338515, 29.652972934283863], [112.96981799331232, 29.61392909999121], [112.9561330626262, 29.571723690510424], [112.97197625876099, 29.536403123152848], [113.0174501410315, 29.51434397548883], [113.06200545785896, 29.45610806783787], [113.10716280158613, 29.47603583336093], [113.15932535600302, 29.510428889667658], [113.29821743260182, 29.662943464858934], [113.35235535303141, 29.680155611463636], [113.37735752014953, 29.71522644849629], [113.4255916528299, 29.731876707035497], [113.46832317792843, 29.75504627450699], [113.5281510190339, 29.76869106180804], [113.52400398737521, 29.727524642095393], [113.57475301525024, 29.70910414206576], [113.57261709305945, 29.679946090328993], [113.60300587297444, 29.650003208596175], [113.64416340344326, 29.621656653811204], [113.65168146619125, 29.538347295440488], [113.7131947716239, 29.48960043987418], [113.73620820807474, 29.452946629103554], [113.70866429621107, 29.405693517388553], [113.66430066706171, 29.402286751509955], [113.61065771250911, 29.3256169874106], [113.61828719923933, 29.25444972677189], [113.65200692272647, 29.222103411496505], [113.6755287315389, 29.138009196621894], [113.733911748356, 29.10682675439146], [113.78297526141183, 29.11408168904075], [113.83086593921357, 29.098813716844106], [113.916779500248, 29.053513681763878], [113.94101915880339, 29.014893400621126], [113.97528288895855, 28.984491294709052], [114.0177691760469, 28.95987702383936], [114.04826496987461, 28.926134988786334], [114.07189373062351, 28.887407701555013], [114.16120061009646, 28.776969207444342], [114.16001007251805, 28.733345752720442], [114.14930824479696, 28.691265235179607], [114.11263210267848, 28.61010069211636], [114.12014573168726, 28.547044514180776], [114.16391622851236, 28.52498091181405], [114.18463324660839, 28.486012797391176], [114.1774228625576, 28.442915593800585], [114.22042198369391, 28.420183123939957], [114.25108276515031, 28.37411618590542], [114.19478661807254, 28.301887623926213], [114.15659438036107, 28.274062863683536], [114.12527362388157, 28.23914366826879], [114.03620759170404, 28.206757142269534], [113.9102379675911, 28.094120295719446], [113.74103734190331, 27.963330409120445], [113.71146461320102, 27.93044006082107], [113.7349150263653, 27.8278941217534], [113.72462339271189, 27.785452430319427], [113.70215398656359, 27.746462000915688], [113.67169387162139, 27.711609636700533], [113.59588475729323, 27.654818558902928], [113.56496974022633, 27.620545923232097], [113.55037517012721, 27.5790227829872], [113.58322088152002, 27.549338526369404], [113.56575907465506, 27.507422926907548], [113.56566534635668, 27.464664642464676], [113.57840953072782, 27.420421410416107], [113.60552083733292, 27.380525849581733], [113.64598721725916, 27.366194305467822], [113.78692598175554, 27.3933904198155], [113.87089527639223, 27.3713222770557], [113.82168470239499, 27.29500031030051], [113.80627406335974, 27.254030066981457], [113.78296627359558, 27.1304505961042], [113.88297948363322, 26.945812560525848], [113.88693024452586, 26.902086637094328], [113.87457409616523, 26.859988259346085], [113.85347804186864, 26.82038254171527], [113.82089092830269, 26.781940579569447], [113.81996788295729, 26.738388572087214], [113.84243731730363, 26.699545306436693], [113.89017644197412, 26.671100723351675], [113.98373282492068, 26.643449829436697], [114.08181974249, 26.64189804265314], [114.09179026838608, 26.57359799904742], [114.08906577684762, 26.530063816894216], [114.0423566839876, 26.4274911579916], [114.01738569634786, 26.389695763310346], [113.95664825360528, 26.321422466525007], [113.94074271141959, 26.27999298088545], [113.9343929095287, 26.236133244548565], [113.95896702695796, 26.185281662707613], [114.14774310441223, 26.23666836922609], [114.19252581836466, 26.233765463488997], [114.20115859256741, 26.19211748630812], [114.16677007734923, 26.160408846347604], [114.03302825589687, 26.100050397212385], [114.01517401237142, 26.067472243918292], [114.01453191155234, 25.992760018845136], [113.99280713729561, 25.933297845719196], [113.95962699046989, 25.901152221552938], [113.9399623774764, 25.86094891208903], [113.88865591280451, 25.792046915670007], [113.87987592775582, 25.742519679459264], [113.91846503832093, 25.662055218033085], [113.94378825258977, 25.57746607720989], [113.94022539317439, 25.48502443242106], [113.89402022309453, 25.48266554740088], [113.84032369569323, 25.40805589513995], [113.80879343762257, 25.37844744250948], [113.66711437889285, 25.390451344226975], [113.55116888394264, 25.380699300131212], [113.50265382707688, 25.383669043436342], [113.40917770798208, 25.403899984893183], [113.26528248092932, 25.547844294975054], [113.227295470552, 25.52374726595148], [113.18215147335846, 25.509821474707355], [113.10841574815545, 25.45196018379628], [113.06668305048167, 25.429838595040987], [112.9364773008336, 25.371165799116582], [112.88822094129738, 25.361774872360463], [112.84432103465795, 25.34048718123002], [112.85280675391702, 25.31289865861796], [112.901946043956, 25.295896105415476], [112.97516006049887, 25.239470636961894], [112.98358769058686, 25.195896296524776], [112.97325150803586, 25.153044366325393], [112.99102107378108, 25.02211175345849], [112.97194053466377, 24.974693694489837], [112.9309301788929, 24.951149628892516], [112.88375734615123, 24.941861335635046], [112.84059326823751, 24.92327582808238], [112.77375579207495, 24.944630455083633], [112.7391442576299, 24.97438159357583], [112.69950732910466, 25.054881731448106], [112.64942712507617, 25.124309936110418], [112.60478259246435, 25.14028685009239], [112.55606696277613, 25.1423202343164], [112.50923296945003, 25.15243345104188], [112.46449928016803, 25.170038019418], [112.33782962755177, 25.187330435528295], [112.290259953765, 25.179700914089295], [112.19505362415586, 25.187152033358124], [112.16092812342042, 25.160071938324865], [112.12278943472083, 24.98157855235067], [112.15341010538889, 24.91533857991916], [112.1838390391929, 24.877092937469087], [112.14913827935578, 24.83894530051547], [112.11235967687583, 24.810679089224934], [111.9732668996465, 24.747471320083523], [111.93641691875891, 24.776397492668536], [111.89077795694712, 24.78895435175999], [111.79417603751155, 24.796231534969937], [111.69875127310269, 24.789859532372137], [111.62851599400815, 24.72880103842849], [111.53701076091988, 24.661647000398204], [111.48825047283478, 24.70257256926649], [111.46954896735224, 24.743319867550106], [111.44455132577778, 24.917229238629155], [111.4456169888588, 24.960665378108924], [111.46687351963635, 24.999156316366072], [111.45001364699856, 25.06001864207977], [111.37356684029278, 25.11379092930093], [111.32465501253671, 25.11754102849523], [111.25243535776465, 25.175544967726708], [111.20885656486773, 25.160192319532833], [111.15352804585318, 25.08825362985192], [111.12008037523105, 25.05636660412953], [111.0954571832213, 24.96246236604165], [111.05415250799065, 24.93506564407902], [111.01130057703504, 24.941736453863207], [110.98602195067237, 24.978430426424566], [110.97276503662182, 25.066800877610444], [110.98335988125916, 25.10924710826339], [111.0078893291773, 25.14702904131457], [111.07947580321151, 25.20621468853507], [111.1090841730123, 25.283811957629215], [111.13402398574542, 25.32153598562269], [111.16431460325103, 25.355821987140928], [111.27469076189895, 25.442239404230747], [111.29105562972538, 25.506044683782218], [111.3120579925488, 25.545003821653566], [111.30376410448149, 25.632375446692755], [111.31013614418158, 25.70325732754114], [111.38507129066323, 25.75625374093443], [111.41844327696475, 25.78868478707736], [111.45843689146827, 25.84892273154765], [111.42336164555384, 25.894838156445296], [111.32612647042801, 25.888194043968355], [111.28059461502535, 25.87195850832877], [111.23271722957824, 25.873965062812314], [111.20104426837342, 25.905053881069342], [111.20181121509137, 25.949738571652052], [111.22152039297457, 26.03570556960506], [111.27621577963848, 26.157644135800798], [111.27080690053079, 26.248186221168915], [111.24748127439746, 26.286173279772616], [111.2045758092437, 26.303880409554715], [111.1545581418751, 26.307554690149225], [111.06012768649583, 26.332307131613145], [110.98294956983315, 26.38183887214555], [110.89907834716436, 26.295318886663665], [110.75982506075512, 26.25158406293239], [110.72818777995265, 26.26067613442258], [110.73883612624117, 26.304847991959637], [110.69631413617228, 26.325052161030253], [110.64811570211884, 26.3340996952556], [110.59998414469655, 26.325132435252502], [110.5501269175721, 26.32773211963729], [110.53995571854885, 26.240685990658353], [110.51699135546453, 26.20174020123101], [110.47791181910468, 26.177232997757102], [110.38634417884009, 26.147294574546045], [110.36280908625685, 26.108941868401324], [110.36228290139682, 26.064676402345164], [110.34691677027443, 26.022827745107715], [110.28066350943989, 25.9832041143835], [110.24080799594223, 26.050407219673524], [110.20053790853632, 26.07753644105273], [110.10925113556019, 26.061911710616794], [110.08879725238258, 26.148128426320433], [110.07167881951536, 26.190324926505905], [110.03843623706416, 26.21968809191919], [109.98414667981766, 26.243513032693944], [109.95179140733501, 26.211135541648787], [109.92879582848354, 26.17225662195445], [109.90226858481434, 26.088171381828325], [109.87025669647869, 26.057965436579448], [109.8226557956094, 26.04992122876877], [109.80233129432764, 26.01087730442815], [109.81527603910428, 25.967592808022985], [109.83698288510854, 25.92759468031481], [109.82705700264287, 25.889375710291194], [109.7464007808678, 25.90315435233576], [109.68606022445238, 25.88387765301618], [109.66254286202533, 25.918908329746397], [109.69385469542954, 26.001441866135345], [109.68038822487891, 26.04196170343672], [109.63419197366967, 26.054161839334693], [109.4887538858269, 26.038902729346052], [109.49540685048663, 26.12610941349344], [109.45004447259765, 26.250442543050404], [109.45750453252622, 26.304344119892445], [109.30984583527105, 26.29812815205173], [109.27256771918569, 26.319656680330674], [109.28897275156955, 26.36320428677145], [109.35079375767255, 26.43133045059188], [109.36506730319822, 26.473174613833272], [109.40671537595306, 26.552287952943683], [109.39138051374397, 26.593235928648152], [109.36262372529366, 26.629145074852595], [109.36251226604818, 26.698332427015835], [109.3937973666672, 26.732890465288452], [109.51708259686707, 26.770890954316858], [109.50076224040241, 26.845464963085988], [109.46413521371657, 26.87128312831528], [109.44846143902501, 26.90643871811962], [109.53373731688012, 26.948630752595328], [109.52042241453061, 27.043515930551663], [109.47304449582116, 27.10832900733377], [109.44286975158259, 27.142659611482266], [109.4005217007202, 27.170667233025], [109.35804874358902, 27.148697227997598], [109.25861972327944, 27.14503185510241], [109.21099644598235, 27.133518478707618], [109.13979359582291, 27.0724376955562], [109.09088164355518, 27.070841287418627], [109.08569126974352, 27.11366652044954], [109.04324510131477, 27.115253914880117], [109.00077658492908, 27.091143586430892], [108.95144111740031, 27.03706804089328], [108.90452693758579, 27.017679942563753], [108.8597040266745, 27.008445150681403], [108.83324376244622, 27.04266871176391], [108.81663354913, 27.101457504968142], [108.91899228183074, 27.159769187981976], [108.97656368370671, 27.230651031790334], [109.02637628727251, 27.306045491398287], [109.1033537974668, 27.36127594890598], [109.10569930000618, 27.402986339864928], [109.12793684068913, 27.45690132005605], [109.16974089546991, 27.43278211671004], [109.23928952265925, 27.453686300718548], [109.27179636380865, 27.48691109702633], [109.31488012842044, 27.508604643748438], [109.35752703230663, 27.55005193945103], [109.41774714029103, 27.57823347183546], [109.44212953575392, 27.616180435717922], [109.4382635279278, 27.659384677787646], [109.41084892303638, 27.71413796229165], [109.34385536504261, 27.775878723538145], [109.33024625414167, 27.849725868648385], [109.309511403482, 27.88942523048918], [109.29974147053588, 27.93216126110603], [109.27722301194636, 27.97131667565458], [109.31440747200354, 28.045574063663324], [109.28733179607607, 28.081746265871637], [109.28729168430549, 28.126163375051988], [109.31253917685581, 28.186098156433953], [109.36071076868424, 28.260217361804656], [109.32003046192307, 28.287975239334855], [109.27181859697527, 28.284581901735287], [109.25764312599915, 28.326247707052087], [109.27514069765898, 28.411755434384972], [109.26036765784721, 28.49297348404517]]]}}, {"type": "Feature", "properties": {"ADM1_NAME": "Jiangsu Sheng"}, "geometry": {"type": "Polygon", "coordinates": [[[119.60110321402331, 31.16653455420044], [119.51918061390263, 31.17358441290478], [119.42276146760719, 31.20258638054814], [119.37430002964767, 31.232154683817942], [119.35112161100317, 31.292811838840638], [119.29859342057611, 31.278578342037513], [119.24815201353861, 31.277793614892154], [119.19689017448461, 31.287594688174018], [119.13613053896353, 31.308521220435953], [119.09413914826746, 31.28075437725732], [118.9024735710383, 31.228868286376283], [118.79681515912817, 31.218969144482305], [118.75622403304395, 31.236707373349283], [118.74003748760067, 31.280170265675263], [118.72206285793214, 31.36468360332517], [118.76767051035729, 31.388918820314856], [118.8456022647019, 31.44643234052894], [118.86967690524477, 31.484776147928674], [118.87896518073946, 31.606184062609664], [118.85990698686001, 31.64610642077742], [118.79496017101961, 31.63484719828329], [118.76919556586766, 31.658038925059092], [118.74418444575011, 31.693341654964538], [118.69631155986387, 31.67826986119794], [118.64437189466871, 31.687758892394147], [118.64280675146485, 31.75363759043148], [118.58947594759847, 31.765253584313076], [118.55093589660851, 31.793256747157326], [118.52542090315956, 31.83103870112826], [118.48937805130865, 31.86528014100433], [118.44853263540521, 31.892654555226077], [118.34945587760878, 31.91657767816128], [118.33030849267882, 31.956678371866207], [118.37130547494299, 32.03610829946739], [118.4208683962386, 32.101585708547745], [118.49032783937275, 32.13693298714205], [118.50208203935654, 32.221058410298596], [118.56185181575609, 32.228054766574814], [118.6107547079459, 32.24425918378755], [118.71053160439565, 32.3416726535798], [118.71973962658073, 32.383619453012436], [118.71898602828124, 32.42722499013273], [118.70990733666689, 32.46954184760627], [118.66764839411206, 32.4808367494771], [118.62017684429853, 32.45734622985023], [118.58944914527689, 32.47563301286404], [118.59809983303917, 32.51797663105991], [118.5617670312645, 32.55207983553388], [118.55833357867941, 32.59104786180877], [118.71517349606499, 32.618547135784844], [118.75798091615226, 32.593473652086544], [118.81117793033643, 32.5902853594881], [118.9110886147595, 32.56376262304847], [118.94651615912865, 32.53128253740365], [119.08264353714975, 32.466670166856], [119.11888713117271, 32.501170252766464], [119.14151706469303, 32.58748509076603], [119.19144566749787, 32.60389904169294], [119.193144563645, 32.68430109762461], [119.17940604283643, 32.72639498827025], [119.18102470582905, 32.76929155765045], [119.16348265786623, 32.80955277598454], [119.13287537118978, 32.84500258863403], [119.04582920105008, 32.90384490117756], [119.01555637368261, 32.94008848455253], [118.97043033488875, 32.957933801847936], [118.91601590384784, 32.957211454976445], [118.83833392649821, 32.94828876770112], [118.79959764498682, 32.93179904027546], [118.79179421752794, 32.887778786534646], [118.7398813607401, 32.81285693107513], [118.7399527076207, 32.769416401963696], [118.72497014153188, 32.72727791132925], [118.67687872202832, 32.72580636820036], [118.62589337346517, 32.737569459860296], [118.51886161107294, 32.71028422754136], [118.34174168005603, 32.75883941595642], [118.28958801234042, 32.83362742141218], [118.28195851557996, 32.87663543318886], [118.28340770556899, 32.91960783042216], [118.29550967777742, 32.962308166762995], [118.28155716493934, 33.00107557752771], [118.25062436715002, 33.03685099949673], [118.2222511106388, 33.207041451489], [118.0552131676693, 33.20577954228587], [117.9831318510503, 33.25904794812814], [117.95825894461464, 33.29541195233785], [117.94734753822797, 33.33840216635517], [118.00630132204067, 33.390917002213165], [118.02418671709107, 33.42963984227301], [118.02753554978565, 33.46859449991397], [118.12325459181108, 33.50840538600826], [118.14214332007136, 33.55005337762559], [118.12375845945508, 33.6340851096406], [118.15636344745633, 33.66921396123562], [118.17026694242558, 33.70942612756154], [118.16932606842748, 33.75333931564056], [118.0780259581263, 33.77414104655739], [118.02519894963163, 33.77195161270168], [117.97207772278676, 33.76272127187748], [117.8773485794648, 33.72143449632812], [117.82428522191302, 33.71604788648272], [117.77583271082088, 33.73261786896109], [117.73136205027625, 33.7578564204405], [117.74678611590767, 33.82924656257277], [117.74374499985082, 33.86787577044701], [117.70301105935722, 33.89881305840034], [117.65742574093609, 33.917978230679246], [117.65339465985635, 33.96086590045994], [117.66414559875712, 34.00462750273267], [117.6476647523031, 34.04514286829457], [117.6045452060176, 34.03783887601599], [117.55707362869508, 34.017871007340275], [117.52685429037845, 34.051024443240266], [117.42869615474218, 34.053793553751454], [117.3735905690361, 34.06502600713292], [117.3262706041754, 34.08501170642609], [117.21875718228968, 34.08021373898664], [117.16525245745943, 34.08486904353], [117.13475661448827, 34.12033229039386], [117.08390053893704, 34.13749087193469], [117.01939526164237, 34.20758349716162], [116.99460706539551, 34.245610734916305], [116.98014179893325, 34.28734785853841], [116.98146160848509, 34.372984926873436], [116.94762596998237, 34.40607146811705], [116.8948658918412, 34.41666179115842], [116.84891485165315, 34.43968419285869], [116.8000653840638, 34.449605668172836], [116.76683177491826, 34.48507782263546], [116.71674263286266, 34.49605611577479], [116.66046884683203, 34.49931124023897], [116.58663946536682, 34.53245131984192], [116.37772164169458, 34.66960881174469], [116.36879007601698, 34.72791603114912], [116.40984505129042, 34.80596365011816], [116.43659069824771, 34.84337554067723], [116.60863621210781, 34.93226770845609], [116.6594075219104, 34.946496640119435], [116.7138130646406, 34.94745087600193], [116.90972809405048, 34.90873700571564], [116.99262275555851, 34.85348430959276], [117.0006268866308, 34.81430214640744], [117.04379987579874, 34.787957823838084], [117.15829620807023, 34.57538795613459], [117.16143991748464, 34.511083263547626], [117.19321543033185, 34.461025425743046], [117.24323317254415, 34.44677409759326], [117.28165283080024, 34.47534355805281], [117.34237683118124, 34.54620313488892], [117.3957656279044, 34.55446141757698], [117.49598841660644, 34.48929163743108], [117.54689794698605, 34.474393848089875], [117.72011624503604, 34.51766937372904], [117.77375024539224, 34.52161571796833], [117.80198529768808, 34.55595971929667], [117.80401422064769, 34.59954296492253], [117.81616081164924, 34.64131578413298], [117.86568356506268, 34.6656803590682], [117.91567011046563, 34.67682806451915], [118.02415553702079, 34.66408397122825], [118.07508741615662, 34.650372259164115], [118.12275072271282, 34.577229584692006], [118.15249739848518, 34.54371052076902], [118.14378430068756, 34.50011838080693], [118.15783494280915, 34.45901437753392], [118.16578105214923, 34.38683486167807], [118.34638356361168, 34.429423803326195], [118.39311942703492, 34.45142050005349], [118.44467108736539, 34.607266119682606], [118.48097263469468, 34.63831926083], [118.49885359110357, 34.67926277912822], [118.52767726126613, 34.71569802274172], [118.59050600823109, 34.71770909407045], [118.64141107922813, 34.70102759833662], [118.69634270476642, 34.699079004338174], [118.74736825002424, 34.711216676499795], [118.7595193181942, 34.75363609811382], [118.75624627106589, 34.79669764433551], [118.80359747714945, 34.874085308266054], [118.84001050601371, 34.95531677098021], [118.84980717675381, 35.04109207019584], [118.9280866941417, 35.06954106647034], [119.03504269580233, 35.051022451534536], [119.08835568008418, 35.05753277909648], [119.16310808868215, 35.11470730132321], [119.21874870174038, 35.12075387674525], [119.35601765684444, 35.09673271961557], [119.31504744758098, 35.076822810444284], [119.29573065016204, 35.07800890429299], [119.29509740641132, 35.09061479306309], [119.28587606359197, 35.096505242050036], [119.28852025114134, 35.07630112287713], [119.25431893405639, 35.06657135246509], [119.24733599817641, 35.07167703408597], [119.23909561519802, 35.058919508935524], [119.21131089554062, 35.0533545778589], [119.20384194265235, 35.04116338308311], [119.19451347692893, 34.91872984966251], [119.17554005826821, 34.9300113361872], [119.1910175919522, 34.9108015676041], [119.18570681676945, 34.894784480444976], [119.17418445624514, 34.88612492832337], [119.17475079261244, 34.85883070373908], [119.16873992459523, 34.8512770064536], [119.2068116703304, 34.79244808854113], [119.20617849168751, 34.75570512646116], [119.22295367223306, 34.77050928862779], [119.23343698230147, 34.7720120653855], [119.26334417355605, 34.74686717179352], [119.30355192659499, 34.7374272339638], [119.32760871517618, 34.74557849785189], [119.32939689125922, 34.765376890216224], [119.36107434937323, 34.7657336412338], [119.37705124290919, 34.746064581397626], [119.42273923827346, 34.743884001730585], [119.47409914137586, 34.727412081330534], [119.46980059544637, 34.71855191265684], [119.47654720061382, 34.705232581429485], [119.46665688252068, 34.70284695936146], [119.4508493683079, 34.68489455939002], [119.45517468546292, 34.66988525199339], [119.53671379603253, 34.61282214788741], [119.6475090896678, 34.55568322896839], [119.63915723733639, 34.53798505712789], [119.64286716921804, 34.52341716883215], [119.6610870815892, 34.53108679200238], [119.67246222770034, 34.52477720789323], [119.71655827454228, 34.53024405193734], [119.77024591279819, 34.513027471863474], [119.7886753459694, 34.497050502927024], [119.7775409970283, 34.466666172313204], [119.78473349202396, 34.44140534430224], [119.78259313241415, 34.41449467173538], [119.79400841532873, 34.4444375890918], [119.78372131071237, 34.47097813248705], [119.7876943760171, 34.47499580130462], [119.94412403172686, 34.44944512882419], [119.98193274280943, 34.432375697115674], [120.01323123084507, 34.43163551092544], [120.08503609919079, 34.393907016450136], [120.08808611546787, 34.3866475983616], [120.07980561342053, 34.36756263342763], [120.08637385581301, 34.360441478397554], [120.11097026194308, 34.37463922896332], [120.2169274346974, 34.33040051852043], [120.25874041840304, 34.32114786867692], [120.28842015594189, 34.30332038665177], [120.29305322135922, 34.29058966226186], [120.28800105627465, 34.248023107009864], [120.33000133436569, 34.17223172114362], [120.33112942239156, 34.14152191770164], [120.32511855915895, 34.139996932233586], [120.33883925823362, 34.126570529752925], [120.33463873256143, 34.113393883210705], [120.2632975971278, 34.09736791031236], [120.24806084330113, 34.08768717888141], [120.30940915514286, 34.10244235010011], [120.34330725975643, 34.1026028660012], [120.38293975670369, 34.02008721106597], [120.3911578895752, 33.98289831999922], [120.40164119027858, 33.97466679026504], [120.42133261906801, 33.908400116201186], [120.47868997473482, 33.82445751488867], [120.42172948539084, 33.750159970736874], [120.39083682152078, 33.73908355305242], [120.40589969239481, 33.73234143690495], [120.461143458432, 33.752946923902954], [120.47467239276934, 33.75074415803788], [120.49993318738387, 33.69469769847765], [120.49703473999982, 33.67536745640803], [120.48169095145724, 33.659180956137554], [120.48619021974191, 33.6558455439092], [120.50160982314766, 33.66974010846665], [120.51637384730208, 33.663207503289044], [120.53658254481736, 33.63317995446955], [120.54575492049577, 33.6290418794443], [120.53637743793865, 33.62263418667907], [120.49759665045782, 33.61896432611077], [120.51492468644837, 33.585436344241174], [120.53887005705435, 33.55756694882549], [120.54282079837066, 33.545959884305574], [120.53814767071492, 33.52246048297776], [120.56926770072221, 33.508280508431675], [120.59169704361771, 33.50833849673564], [120.58631045071289, 33.48115576544888], [120.58820107011879, 33.40828073694072], [120.65367848887297, 33.38592721430353], [120.6560685796751, 33.32889087754604], [120.6703243711386, 33.29321362757224], [120.67941202640958, 33.28240919517171], [120.70583662524824, 33.27519438470317], [120.72370869624943, 33.24464060718185], [120.7284442359296, 33.18949494003638], [120.71275273036916, 33.18593657615967], [120.6949920884832, 33.17042336684706], [120.70137752885901, 33.149470018536654], [120.72268757413693, 33.10432164018419], [120.79215143471832, 33.03879514239332], [120.76915585170268, 33.02762061140209], [120.7898416189555, 33.00078576339678], [120.83428105967491, 32.978574970872835], [120.83735338743507, 32.930505889931354], [120.85785627675722, 32.89885071731523], [120.8637200255729, 32.85702880567847], [120.8623421643711, 32.84875272920896], [120.82141202919526, 32.81993357135915], [120.80854752933885, 32.78803760208149], [120.81659624828885, 32.75475041087247], [120.84005558797986, 32.74997022300328], [120.84226281868033, 32.73076933714668], [120.88094553388868, 32.71507333318253], [120.88472683595874, 32.68742685928587], [120.89826023792732, 32.678535402282584], [120.90248295016616, 32.66372680873754], [120.89692690858541, 32.65009086589838], [120.8468645865082, 32.640579577345015], [120.84282020630573, 32.63064025471249], [120.83210497104521, 32.62675190121232], [120.83129786655188, 32.617570649164435], [120.86923149104884, 32.60690446116835], [120.88329104636558, 32.616357733676004], [120.91649350132688, 32.600313906967834], [120.91330072436983, 32.58970571374894], [120.95822171233056, 32.56059667335527], [120.96050481209069, 32.54689384063824], [120.97593772161173, 32.52703752515847], [120.97099260077442, 32.52029978859661], [120.97635690314038, 32.51808809446645], [120.97905909686264, 32.540615488309584], [120.98763399698016, 32.543995445514646], [121.01658694362224, 32.532651510370414], [121.03928821841198, 32.53308848490026], [121.07716379161528, 32.52212358483813], [121.15338765410306, 32.49078499080307], [121.16596235252483, 32.47497750555377], [121.16078086129293, 32.455870268938746], [121.17978554928992, 32.47293522630227], [121.25890338021458, 32.441806223341075], [121.28872583692349, 32.43613426389784], [121.35690104029098, 32.39673807967712], [121.35513970485461, 32.379525998085455], [121.33960866564051, 32.37491974100034], [121.34871859311247, 32.28642443499042], [121.37954439756034, 32.26998816913064], [121.3838696957483, 32.25837220494941], [121.3735557609348, 32.24973047934185], [121.35331595693833, 32.25100129612996], [121.33928762371862, 32.24068740153655], [121.34303326150658, 32.208229599153796], [121.31025887640145, 32.20469800726803], [121.35311972477959, 32.202441705778085], [121.35513970485461, 32.196751839665744], [121.36293869306708, 32.19734050040674], [121.3704388855346, 32.17593234755969], [121.40181756200525, 32.18056977753475], [121.41471330710132, 32.17001066574667], [121.41562740660136, 32.11803986153785], [121.46108345455778, 32.11784360713104], [121.4647310208099, 32.1110345518602], [121.47476402214255, 32.11966296564754], [121.52356888140456, 32.11376803275672], [121.62162004228414, 32.0794864013888], [121.68327155742543, 32.046921649643906], [121.70540651371007, 32.04172230020876], [121.72559292826288, 32.02642758003654], [121.72608787119407, 32.01407141243501], [121.73934919836483, 32.01081625532502], [121.78508174222047, 31.947697684746867], [121.81131466382844, 31.933602479398637], [121.82388038368474, 31.91144967212142], [121.82660045361116, 31.869913157146254], [121.83997330737522, 31.859206860113883], [121.83270498875477, 31.852901686226822], [121.84404888689089, 31.848282080711616], [121.88137607008018, 31.78035653922024], [121.88440381435245, 31.708364339943607], [121.87037099842892, 31.695325952515837], [121.82496393599688, 31.693377364790038], [121.80693136591316, 31.702094907947416], [121.80264167115698, 31.6967707200471], [121.77932057061697, 31.700177494130504], [121.76278627024637, 31.71052703209568], [121.72306017087003, 31.720105184079628], [121.6326830895636, 31.732354309303492], [121.59248424005918, 31.752326660340977], [121.60032785617521, 31.77280729634676], [121.58627278526265, 31.757659745299545], [121.57800558714463, 31.75865413392004], [121.55088084525275, 31.785029729819176], [121.51437869616717, 31.789065182632932], [121.47183884085833, 31.8246800384618], [121.44004545921223, 31.841736045022454], [121.35263817367664, 31.86145869559751], [121.3103836940875, 31.881801096021032], [121.28753085246757, 31.885952529654197], [121.22679337241681, 31.857405406149706], [121.19951706475801, 31.860366178619348], [121.15572421309456, 31.834209109399993], [121.14060341628584, 31.83529272574484], [121.12309258287202, 31.848919679123966], [121.09483970775084, 31.8525003569749], [121.03196633939423, 31.834744225758257], [121.03529282725282, 31.83052146360546], [121.02830991407056, 31.82333337081577], [120.9778284472972, 31.80160420508861], [120.96740751390773, 31.804890528268846], [120.96637746901753, 31.826374467356658], [120.95593865725107, 31.841330348196024], [120.96080359034029, 31.803945167479746], [120.93689831134122, 31.804520412843356], [120.92014103609284, 31.82122871087826], [120.92656660426917, 31.833366370567532], [120.91840643024358, 31.831471247009347], [120.91462065149467, 31.87466653610041], [120.92224121777954, 31.877475776298386], [120.95445380365358, 31.864071696709484], [120.96111120948787, 31.867304615590925], [120.91091068469642, 31.88493587655659], [120.9130778451409, 31.895530685138738], [120.90838686557039, 31.8931004599232], [120.89499612596322, 31.919975459075907], [120.8190086319914, 32.00000295885888], [120.80197930705516, 31.999851314308795], [120.79694493853751, 32.013219727278674], [120.78653746172182, 32.019181571881], [120.74004235572161, 32.02847434417633], [120.7245336045484, 32.04347025556289], [120.7077317654229, 32.03943479870409], [120.6040220031842, 32.0796826466178], [120.56456788149515, 32.06937316321109], [120.55201547234472, 32.07479995194993], [120.55116378698783, 32.06813803988007], [120.52184071234409, 32.09286819350103], [120.5054937135147, 32.09109794617742], [120.51413987486036, 32.08168919220856], [120.5071479598266, 32.07372972878924], [120.4790110876093, 32.07900486413527], [120.4359272474146, 32.06512814228175], [120.35526211341177, 32.015957607421555], [120.35101259224966, 32.00000293519936], [120.26338676731248, 31.946810344022502], [120.27077993584733, 31.93318778369175], [120.37078867498875, 31.955461019747684], [120.37995662030136, 31.964321189405403], [120.43225742662116, 31.96435687121163], [120.45165446921213, 31.986014766859903], [120.45197556179933, 32.00000291511876], [120.43438882765635, 32.01653286188702], [120.45004029219827, 32.029972612396286], [120.45996183364748, 32.03067265218666], [120.45623846676082, 32.02187484225802], [120.56783635428135, 31.99004131573509], [120.66995425262142, 31.98686640575286], [120.71061679010293, 31.991744719630134], [120.7283417069797, 31.984837569085524], [120.75213545777285, 31.96284081197558], [120.75576067762239, 31.93403504200318], [120.79649910834762, 31.87845677566738], [120.80137729386404, 31.852335406318858], [120.77739624034714, 31.82307478633354], [120.7415227826862, 31.836073005961858], [120.72821681274723, 31.850302047192233], [120.72145681354755, 31.83363839180925], [120.8085787327114, 31.7807445263045], [120.80962220050812, 31.771144019388792], [120.87879182057603, 31.75326306441277], [120.92171956905199, 31.75346819069632], [120.93972982710221, 31.763412004419212], [120.95445826848433, 31.75610351915245], [120.99937036272827, 31.7577087434673], [121.0505385367391, 31.72064030282113], [121.06569502591017, 31.722486308085678], [121.08966711011985, 31.714183538608445], [121.1194003762416, 31.69139303362348], [121.16568584422983, 31.66811656912347], [121.22989694793459, 31.61970849432513], [121.25319570326657, 31.594915948114878], [121.25227273490864, 31.58596649394841], [121.26481615489088, 31.581369152824763], [121.27987010921453, 31.54774755107233], [121.29855815558335, 31.524899122413302], [121.2678661653458, 31.502710633467867], [121.29709562524097, 31.514710049693175], [121.30856439769397, 31.51513369321997], [121.32285135046632, 31.504801968000812], [121.28756647170081, 31.485881967751517], [121.23748189987025, 31.473490109335643], [121.19118298868518, 31.453772022406042], [121.14992739295569, 31.42736520019834], [121.11784418272048, 31.393056873541205], [121.0706088959013, 31.26907157665559], [121.08480666577118, 31.22653625783509], [121.06783090736675, 31.184999673340084], [121.02546497896289, 31.163761016354457], [120.97391330566283, 31.154165022514373], [120.87912618910639, 31.11927697201352], [120.88611811063001, 31.051574491054804], [120.86255619952453, 31.008593183034964], [120.8160343598901, 30.99481902227265], [120.76419283761084, 30.996531340134105], [120.68404501178834, 30.968100053493096], [120.66619965534238, 30.927245814080635], [120.6656021631481, 30.888852916903], [120.56623997868165, 30.89480587913899], [120.54550072920615, 30.85250231593294], [120.5041559267548, 30.82649240685352], [120.45608684727405, 30.841078143261917], [120.40418285496517, 30.91718610705508], [120.35870005201652, 30.938201847557202], [120.34678536455928, 30.978382787270508], [120.23751951005455, 31.090640640135458], [120.16282957383804, 31.207344259086952], [119.9355849072706, 31.20519942234631], [119.79811076622934, 31.218830913671795], [119.74655914973256, 31.21178100404956], [119.60110321402331, 31.16653455420044]]]}}, {"type": "Feature", "properties": {"ADM1_NAME": "Jiangxi Sheng"}, "geometry": {"type": "Polygon", "coordinates": [[[116.11739486873327, 29.87860348645558], [116.31461205061007, 29.840638667211728], [116.43860626700041, 29.908787147102075], [116.48960940645142, 29.90346742535817], [116.5388780333965, 29.91294745619605], [116.5876695459366, 29.98932738416045], [116.62148288256839, 30.07122324272765], [116.68831590300026, 30.108893718176024], [116.7363983584096, 30.106980773484025], [116.7758926666182, 30.079271930571007], [116.8092289145909, 30.036518100996656], [116.87880867041612, 29.972663715696616], [116.87697597128023, 29.929660184051194], [116.84800075919969, 29.893947230622338], [116.69664552765009, 29.77693597453405], [116.66631468006524, 29.741049143381304], [116.6553631425848, 29.699245043207405], [116.66176639475356, 29.655996196287845], [116.69234241871393, 29.620796112363642], [116.78175191762452, 29.583250459498277], [116.83242068829321, 29.57864863291102], [116.87400621611197, 29.602955212740618], [116.93912695696494, 29.670198475522422], [116.97918748517552, 29.6963956724282], [117.07501808070985, 29.727190190669322], [117.1021650724997, 29.79339003706758], [117.08567084398501, 29.83509159130556], [117.08547907214195, 29.87737273309495], [117.1160595894835, 29.911984285051837], [117.1559239445579, 29.939679805208076], [117.20195082917276, 29.95893419923731], [117.26078862121891, 29.928023710647157], [117.26895769448424, 29.88513162558249], [117.29441030374178, 29.849940388744063], [117.3462205576011, 29.850698427944923], [117.3995513920843, 29.83999655111778], [117.425681766912, 29.81067801454741], [117.42623020754972, 29.764129471270543], [117.44693833821312, 29.724523644040364], [117.51035114850947, 29.656513485351592], [117.55065254588926, 29.633094294634084], [117.65050519825242, 29.61469605410202], [117.73876861811202, 29.57387296655745], [117.8022305729628, 29.568865404148518], [117.89998741720865, 29.544933399706817], [117.99470320253084, 29.57349842881968], [118.09743637367805, 29.553325461421043], [118.13486612571657, 29.533161358100763], [118.12533702102584, 29.487714226407483], [118.13570441985773, 29.44510303875689], [118.17415526875281, 29.41830825874395], [118.19510854021006, 29.378773899235306], [118.20560528574106, 29.336225177226122], [118.18828610330495, 29.25059258517692], [118.16636076439079, 29.218678787254415], [118.1155091515467, 29.232230053605267], [118.0129097164167, 29.242410130882302], [117.98269478197359, 29.202135567089766], [118.01499211115602, 29.119651058770042], [118.03919164538398, 29.081374173961194], [118.07431599721163, 29.05094523621849], [118.14089927146487, 29.017020454161585], [118.25587277556285, 28.899367043308505], [118.36858985552881, 28.797271444477964], [118.41551297114907, 28.78529432725389], [118.40153373763403, 28.743222680300214], [118.41754192205907, 28.61388202628345], [118.3994692013003, 28.57213141519554], [118.42024409128213, 28.519630024713813], [118.44532658274983, 28.481366438479082], [118.42632187351249, 28.3962422444472], [118.43187793881357, 28.28047945358033], [118.33379552598002, 28.198017298142293], [118.3165299062053, 28.113361260835767], [118.28411217962424, 28.081019424250417], [118.23450473540242, 28.090530698509994], [118.16748884993558, 28.078504482617433], [118.0882730030766, 28.02959711154263], [118.06243695110157, 27.990847478823376], [118.01904094852713, 27.99791518009852], [117.97788793448774, 28.022912884330186], [117.90644864836467, 27.998156004149894], [117.8229208034135, 27.94945813405675], [117.7630216466435, 27.87902219312385], [117.72721059214635, 27.8477460109004], [117.68382360625192, 27.85344475992959], [117.63863507611981, 27.893197620501965], [117.61025287204524, 27.929637412678005], [117.56949671137205, 27.958657255375513], [117.52680967830602, 27.965073880402755], [117.49992579838093, 27.92506684552552], [117.4499348323636, 27.923064675386946], [117.38757424385348, 27.896604390100183], [117.30316347008285, 27.849841834862136], [117.28737830893594, 27.799453972768333], [117.2865622898627, 27.75390871480289], [117.25173218654494, 27.732286548316424], [117.20243240927427, 27.723916813651673], [117.10479147334698, 27.720059637413662], [117.11701830522657, 27.674104192066046], [117.09725116437014, 27.653168673116735], [117.04524913414522, 27.66750468700425], [116.99988670093512, 27.65526890582848], [117.00100591530962, 27.61131999688717], [117.09494131074626, 27.560860811081973], [117.11828024842757, 27.475901618460924], [117.09721543361125, 27.391321356871092], [117.10895624684665, 27.348750334481156], [117.1376951384866, 27.312903634207842], [117.1369460154274, 27.24134841928424], [117.10221857758039, 27.21048695949554], [117.0406874250784, 27.09807749353849], [116.95866223141131, 27.06049624134485], [116.81266683627621, 27.03688523291278], [116.66061592782752, 26.95578756427107], [116.58457047145824, 26.90021380025961], [116.55580922961428, 26.86455440633977], [116.52610719327099, 26.810082025554802], [116.52132252548449, 26.72179626317233], [116.53446356196477, 26.680304313686204], [116.57614276310994, 26.658432392366024], [116.56238646202684, 26.578868706237078], [116.64220432867393, 26.473865806971187], [116.60018176913853, 26.39528303045512], [116.56091933128715, 26.382093002877472], [116.51259607564104, 26.39251393296348], [116.46663613232826, 26.379350641807637], [116.43190864836978, 26.347695528860523], [116.40564905065989, 26.311104153610064], [116.38793745845945, 26.22365671821597], [116.41516025679444, 26.1915734552395], [116.46157058927122, 26.17433458576952], [116.48515474433931, 26.139531270091076], [116.46544552078721, 26.100451753172457], [116.38577483226085, 26.049439594958347], [116.29619591199804, 25.942055545824683], [116.25195274567965, 25.92664931484276], [116.15268867776213, 25.924357383303015], [116.12937201816851, 25.88725317099784], [116.12771767799427, 25.844049010624325], [116.16494674957518, 25.81070827917604], [116.16061246459734, 25.772226262698315], [116.06947292312017, 25.74281402598639], [116.04271831563567, 25.70589267291763], [116.0287702906337, 25.663812098460085], [116.03297966220386, 25.619997001382284], [116.01250344770318, 25.581251816759185], [116.01376535406538, 25.522030551586003], [115.99745841464417, 25.48062329108184], [115.9869706635957, 25.395124470161434], [115.96022941020341, 25.31026338216813], [115.92807040268598, 25.278585856957612], [115.84726703204383, 25.22872871660893], [115.82824006013126, 25.192012431156304], [115.8472001511719, 25.15098871951087], [115.88587390408026, 25.121045837403475], [115.91324834012937, 25.087272591772926], [115.86265532548154, 25.011780023926523], [115.8587179461245, 24.92384212171959], [115.82041875359582, 24.90057449483659], [115.77587682434421, 24.9182459353543], [115.75273851577461, 24.87966581634263], [115.76279382693626, 24.792374447557943], [115.78402803294925, 24.706661569208073], [115.81018954881652, 24.62208584820393], [115.83837109772239, 24.586890111008294], [115.80988190841464, 24.55247032058104], [115.76373469333055, 24.537790976595872], [115.69806547648169, 24.571457176875885], [115.67482914687167, 24.60949330864698], [115.62881561928367, 24.624101352907218], [115.58043885992055, 24.622473783490125], [115.5362937453715, 24.639730472074906], [115.52878466553094, 24.6843259399457], [115.50170004983242, 24.739378033034658], [115.46674515543769, 24.76983811149786], [115.42115088484982, 24.778555651918026], [115.31238001592033, 24.769771281399297], [115.0915162238848, 24.699883762421763], [114.99535571330036, 24.687376038203137], [114.9509430985824, 24.672411206629764], [114.91120356633918, 24.64649499744916], [114.87823299496485, 24.613568913598836], [114.83839987134311, 24.59318193148763], [114.81254601969178, 24.624930723115874], [114.75003827790367, 24.61947277965499], [114.7237162196903, 24.58338084765979], [114.69013918542416, 24.551828278647278], [114.62128622514713, 24.570155144515347], [114.4819928448437, 24.535770988434923], [114.440527674531, 24.510768803973747], [114.39802346257042, 24.50067785884576], [114.3559474046028, 24.52539025683615], [114.31692584683357, 24.568866415428484], [114.26819679667915, 24.601168209711236], [114.18246609812148, 24.640805107930575], [114.28925262082615, 24.740078118700886], [114.31035754387264, 24.779313777462807], [114.36535608273834, 24.94779192244541], [114.4563306603033, 25.0188611038927], [114.49726075328856, 25.041722945226034], [114.52931281312702, 25.074350140469654], [114.57467526610642, 25.090777465331065], [114.62257490658536, 25.089809881211227], [114.66159207282959, 25.11571276692396], [114.69255154686205, 25.149735716760414], [114.6785366548355, 25.19218631651995], [114.70787748092528, 25.276351915929038], [114.69446009875095, 25.31663983002561], [114.65377972432145, 25.34078144341645], [114.5522771965289, 25.43522965453981], [114.4853727924146, 25.41673779593569], [114.40321384049061, 25.36926621206217], [114.36716650729845, 25.3390914799696], [114.3254070317782, 25.319944074842507], [114.13008057853494, 25.31326881672569], [114.04572332910975, 25.27456374663116], [114.00592580684187, 25.301715295910558], [114.00312993923995, 25.400912425504718], [113.9850393427177, 25.44239546467135], [113.94022539317439, 25.48502443242106], [113.94378825258977, 25.57746607720989], [113.91846503832093, 25.662055218033085], [113.87987592775582, 25.742519679459264], [113.88865591280451, 25.792046915670007], [113.9399623774764, 25.86094891208903], [113.95962699046989, 25.901152221552938], [113.99280713729561, 25.933297845719196], [114.01453191155234, 25.992760018845136], [114.01517401237142, 26.067472243918292], [114.03302825589687, 26.100050397212385], [114.16677007734923, 26.160408846347604], [114.20115859256741, 26.19211748630812], [114.19252581836466, 26.233765463488997], [114.14774310441223, 26.23666836922609], [113.95896702695796, 26.185281662707613], [113.9343929095287, 26.236133244548565], [113.94074271141959, 26.27999298088545], [113.95664825360528, 26.321422466525007], [114.01738569634786, 26.389695763310346], [114.0423566839876, 26.4274911579916], [114.08906577684762, 26.530063816894216], [114.09179026838608, 26.57359799904742], [114.08181974249, 26.64189804265314], [113.98373282492068, 26.643449829436697], [113.89017644197412, 26.671100723351675], [113.84243731730363, 26.699545306436693], [113.81996788295729, 26.738388572087214], [113.82089092830269, 26.781940579569447], [113.85347804186864, 26.82038254171527], [113.87457409616523, 26.859988259346085], [113.88693024452586, 26.902086637094328], [113.88297948363322, 26.945812560525848], [113.78296627359558, 27.1304505961042], [113.80627406335974, 27.254030066981457], [113.82168470239499, 27.29500031030051], [113.87089527639223, 27.3713222770557], [113.78692598175554, 27.3933904198155], [113.64598721725916, 27.366194305467822], [113.60552083733292, 27.380525849581733], [113.57840953072782, 27.420421410416107], [113.56566534635668, 27.464664642464676], [113.56575907465506, 27.507422926907548], [113.58322088152002, 27.549338526369404], [113.55037517012721, 27.5790227829872], [113.56496974022633, 27.620545923232097], [113.59588475729323, 27.654818558902928], [113.67169387162139, 27.711609636700533], [113.70215398656359, 27.746462000915688], [113.72462339271189, 27.785452430319427], [113.7349150263653, 27.8278941217534], [113.71146461320102, 27.93044006082107], [113.74103734190331, 27.963330409120445], [113.9102379675911, 28.094120295719446], [114.03620759170404, 28.206757142269534], [114.12527362388157, 28.23914366826879], [114.15659438036107, 28.274062863683536], [114.19478661807254, 28.301887623926213], [114.25108276515031, 28.37411618590542], [114.22042198369391, 28.420183123939957], [114.1774228625576, 28.442915593800585], [114.18463324660839, 28.486012797391176], [114.16391622851236, 28.52498091181405], [114.12014573168726, 28.547044514180776], [114.11263210267848, 28.61010069211636], [114.14930824479696, 28.691265235179607], [114.16001007251805, 28.733345752720442], [114.16120061009646, 28.776969207444342], [114.07189373062351, 28.887407701555013], [114.04826496987461, 28.926134988786334], [114.0177691760469, 28.95987702383936], [113.97528288895855, 28.984491294709052], [113.94101915880339, 29.014893400621126], [113.916779500248, 29.053513681763878], [113.96044740589664, 29.136854315964296], [113.99259306341543, 29.170319905264474], [114.13062907577448, 29.24275792217985], [114.11085290596215, 29.285048069546782], [114.15017776485946, 29.314723357841103], [114.19943299469895, 29.325862186856735], [114.24052356703724, 29.351279082230437], [114.28938194131317, 29.363180478162487], [114.34027816000358, 29.36614129318795], [114.45139896307053, 29.345954916924025], [114.50112232338012, 29.354199803212413], [114.6227889312989, 29.413256143230672], [114.66831188747435, 29.427953318666706], [114.71487383453177, 29.409189452142083], [114.76397741356968, 29.399629170631083], [114.8142315110968, 29.40624195847608], [114.86148012812285, 29.42349422841151], [114.88073010465878, 29.460941803613824], [114.88963490945025, 29.499967844828166], [114.9271760558749, 29.53110128321414], [114.97030455554494, 29.554141419664052], [115.05888453239868, 29.556928407726428], [115.10801050400585, 29.54770692684282], [115.15831809540806, 29.556500283904775], [115.14840102487263, 29.645530716216943], [115.17867827401575, 29.665730413209463], [115.2271576315111, 29.643564224723335], [115.27726007555582, 29.639484144056084], [115.32834805029609, 29.645624375615817], [115.37378630603041, 29.66446851475901], [115.41037769940459, 29.694705696373532], [115.45390293504191, 29.773355308430844], [115.51571058400228, 29.842462435575904], [115.59503792512233, 29.853418468180752], [115.69663853192672, 29.84561058864106], [115.69263427014594, 29.80219680157246], [115.7418226183382, 29.81433447214117], [115.84958573912203, 29.74777341774449], [115.89437290510226, 29.72792151050116], [115.94545193127271, 29.733361635658092], [116.06604837597907, 29.80037302733461], [116.11739486873327, 29.87860348645558]]]}}, {"type": "Feature", "properties": {"ADM1_NAME": "Shanghai Shi"}, "geometry": {"type": "MultiPolygon", "coordinates": [[[[120.88611811063001, 31.051574491054804], [120.87912618910639, 31.11927697201352], [120.97391330566283, 31.154165022514373], [121.02546497896289, 31.163761016354457], [121.06783090736675, 31.184999673340084], [121.08480666577118, 31.22653625783509], [121.0706088959013, 31.26907157665559], [121.11784418272048, 31.393056873541205], [121.14992739295569, 31.42736520019834], [121.19118298868518, 31.453772022406042], [121.23748189987025, 31.473490109335643], [121.28756647170081, 31.485881967751517], [121.32285135046632, 31.504801968000812], [121.3661269598462, 31.480531031545773], [121.43435561429465, 31.455301514719512], [121.45673584496039, 31.425898193672047], [121.48908221793388, 31.416948693837924], [121.5047068559, 31.40059279847845], [121.50064907249346, 31.393578614798326], [121.50756070775239, 31.388232101280146], [121.57946813889679, 31.377249339548925], [121.63534965392888, 31.3398552995697], [121.67664091609701, 31.321292063806283], [121.7071990909066, 31.292927786033456], [121.7860181642118, 31.18490162316887], [121.85635160532556, 31.065518076732243], [121.89568085223428, 30.975979318822105], [121.89983227128218, 30.935405922462028], [121.88343174578131, 30.88735024004002], [121.85218230959603, 30.860693703376384], [121.80945075347572, 30.863485116321833], [121.80612426340707, 30.8568811591376], [121.75138880047554, 30.87201536141051], [121.69983714702094, 30.870793553649413], [121.5528428420656, 30.845559521331815], [121.43980909270066, 30.802221525560576], [121.36382606668845, 30.71743614596468], [121.29931621295982, 30.706694182077538], [121.26389310293979, 30.69233593977082], [121.17967850661304, 30.771453716063803], [121.12852372135472, 30.853358475595527], [121.10052500525528, 30.881045087818542], [121.05985806836995, 30.849893760740997], [120.99854090875249, 30.885508657925037], [121.00097114557765, 30.93214192395281], [120.98932840692387, 30.974400808705507], [120.93037469140798, 31.028953413416186], [120.88611811063001, 31.051574491054804]]], [[[121.1538781482563, 31.784218132685613], [121.19306027758334, 31.823163915312705], [121.2235337966723, 31.843078305631902], [121.2895730916939, 31.848402404440186], [121.36927954502116, 31.832817903599743], [121.38542142181174, 31.75394084340015], [121.37834039658044, 31.794090614951706], [121.38047185888048, 31.821358026625834], [121.42839831930164, 31.75586266715428], [121.53607667914041, 31.712769968308532], [121.59455331459516, 31.664513566250598], [121.70538424549079, 31.62664246746872], [121.81458321010155, 31.576624711985033], [121.84876223208477, 31.571304988336923], [121.8863211778333, 31.556527511710794], [121.87119596077292, 31.505136386979288], [121.84622940079134, 31.47481005700311], [121.81582726944598, 31.466698938389992], [121.73314659314228, 31.485525227336968], [121.66372731810101, 31.518638570616286], [121.59631909015263, 31.52832372100351], [121.49658243125177, 31.57841723949325], [121.38279955184011, 31.616181371737436], [121.3680399303746, 31.630419245638787], [121.3349666923301, 31.64331056522246], [121.27153157432616, 31.692168912247787], [121.2617259849794, 31.711102240993434], [121.26580608535552, 31.72916607200559], [121.22158518833257, 31.779121349799897], [121.18920317947598, 31.79279742610017], [121.17067119708328, 31.793319189367473], [121.1538781482563, 31.784218132685613]]], [[[121.78357908708327, 31.38353665230645], [121.82422821642355, 31.38559234966377], [121.8724667451269, 31.37266985341878], [121.88021672855703, 31.363328055743285], [121.87895923441317, 31.336653742338143], [121.84645684106617, 31.304606178249976], [121.81749946281978, 31.311276929052504], [121.81085981279028, 31.317047081175147], [121.80310098812949, 31.351836966858794], [121.78357908708327, 31.38353665230645]]], [[[121.59674720823504, 31.451992825162158], [121.62270363227745, 31.449393174186163], [121.70554482012959, 31.418941961975154], [121.71867236967948, 31.41908913336408], [121.74373697394587, 31.402300627597853], [121.75261504404523, 31.380638320331865], [121.7388765755006, 31.376125692843637], [121.73167959199823, 31.361673714999903], [121.7246475646782, 31.362026028571435], [121.60635205824929, 31.428863497444326], [121.59674720823504, 31.451992825162158]]]]}}, {"type": "Feature", "properties": {"ADM1_NAME": "Zhejiang Sheng"}, "geometry": {"type": "MultiPolygon", "coordinates": [[[[121.93549167061263, 30.163450867054724], [121.94365629364796, 30.179771157446506], [121.95287327315063, 30.18269190288855], [121.97200728328592, 30.171611037537932], [121.97792893509076, 30.152262974278294], [121.99305423786365, 30.15191964673383], [121.99974739088563, 30.142577763401036], [122.01464969649041, 30.150800369318016], [122.03951359973743, 30.13894811671374], [122.10101352830267, 30.154224941324024], [122.14816408373908, 30.109660729565615], [122.18132638868066, 30.110539185942343], [122.17976125904201, 30.09115541980001], [122.19239839488031, 30.08082366062208], [122.20456723340207, 30.078438062650793], [122.20802300962019, 30.08900614726685], [122.2148409784946, 30.084243842714304], [122.21724447679057, 30.092332626378134], [122.22572122591555, 30.094419465255047], [122.23132628153382, 30.081541625619405], [122.25213690906632, 30.072048219096562], [122.25392947480549, 30.06031185069642], [122.29113621141335, 30.06022267519935], [122.32701414596056, 30.01943080934589], [122.33905372398733, 30.02059016114194], [122.31012756242939, 29.972855484248424], [122.30888344099338, 29.956383579578166], [122.31672699251423, 29.94699713019741], [122.27011157517907, 29.94440199643402], [122.20928493329237, 29.97722988314838], [122.16577749305748, 29.98977333021808], [122.11969274633964, 29.988992935628556], [122.09865025128987, 30.00682492895607], [122.06654467427424, 30.00841685226701], [122.02689431979755, 29.990326277211768], [122.0148636908177, 30.029450397509116], [121.99944409618968, 30.043385089444044], [121.98278050797562, 30.04814740039203], [121.97823220265502, 30.056606281878423], [121.97823220265502, 30.06474860397212], [121.9893041475766, 30.0741038661219], [121.97561912805962, 30.123078155685388], [121.9638159562133, 30.13796258458916], [121.94953790114887, 30.142880971882633], [121.95168274383678, 30.150349988780075], [121.93549167061263, 30.163450867054724]]], [[[118.17415526875281, 29.41830825874395], [118.32359312028964, 29.51544532473826], [118.40218476689259, 29.521202094087183], [118.4525770538689, 29.534837970955312], [118.46567346037241, 29.572410383777267], [118.50566714032963, 29.609804390588526], [118.54672207616855, 29.634235833952427], [118.59553583039103, 29.647688917303636], [118.6467664463232, 29.65213907469715], [118.69468836816331, 29.66705479626739], [118.72456435101363, 29.70285691211938], [118.72608937423725, 29.74436670721915], [118.70975571825385, 29.78669690910968], [118.7047971654159, 29.830213332498065], [118.73432092086934, 29.864967516364924], [118.8189457233975, 29.913790238339956], [118.85385160584114, 29.944687336458315], [118.87167901041968, 29.98575567877145], [118.87735105833505, 30.02873250318704], [118.86855317650569, 30.099765992583336], [118.87951812049434, 30.144218725912875], [118.84715394982207, 30.16819536755988], [118.89864324598409, 30.231327310108995], [118.90736523036712, 30.27404550255509], [118.90283926884848, 30.317459302129514], [118.94071930950504, 30.36669223302286], [118.99041603041134, 30.358576613207646], [119.03782066004261, 30.341177265521374], [119.08860989528466, 30.334091748401363], [119.18456970048378, 30.304282640975426], [119.23406126650444, 30.31576033726402], [119.2677319368553, 30.34910553313819], [119.31325493196084, 30.36584497527362], [119.36672845595047, 30.37419686199858], [119.37418406206098, 30.410025757030024], [119.29985083444215, 30.507778202490158], [119.29299724085743, 30.549363771002696], [119.32667677775818, 30.63187492001389], [119.39305943438994, 30.690124219595273], [119.44252873146301, 30.703104618889615], [119.48344540175266, 30.728418957105543], [119.53658450729088, 30.802680802702103], [119.56874805725589, 30.88512960455708], [119.6138607211044, 31.080514057841114], [119.60110321402331, 31.16653455420044], [119.74655914973256, 31.21178100404956], [119.79811076622934, 31.218830913671795], [119.9355849072706, 31.20519942234631], [120.16282957383804, 31.207344259086952], [120.23751951005455, 31.090640640135458], [120.34678536455928, 30.978382787270508], [120.35870005201652, 30.938201847557202], [120.40418285496517, 30.91718610705508], [120.45608684727405, 30.841078143261917], [120.5041559267548, 30.82649240685352], [120.54550072920615, 30.85250231593294], [120.56623997868165, 30.89480587913899], [120.6656021631481, 30.888852916903], [120.66619965534238, 30.927245814080635], [120.68404501178834, 30.968100053493096], [120.76419283761084, 30.996531340134105], [120.8160343598901, 30.99481902227265], [120.86255619952453, 31.008593183034964], [120.88611811063001, 31.051574491054804], [120.93037469140798, 31.028953413416186], [120.98932840692387, 30.974400808705507], [121.00097114557765, 30.93214192395281], [120.99854090875249, 30.885508657925037], [121.05985806836995, 30.849893760740997], [121.10052500525528, 30.881045087818542], [121.12852372135472, 30.853358475595527], [121.17967850661304, 30.771453716063803], [121.26389310293979, 30.69233593977082], [121.16570375960977, 30.637413141782503], [121.14502683047975, 30.608121366272734], [121.14504466156082, 30.597477458578975], [121.09970009509712, 30.586744390002988], [121.06210986095913, 30.58881341862518], [121.00438678414768, 30.56196966785855], [120.97006955343738, 30.53390849679307], [120.93676898762747, 30.495591461750543], [120.92981726401833, 30.473782016146888], [120.9368136424121, 30.460944243949065], [120.93570777499026, 30.442171406936996], [120.95320075556157, 30.437520576315062], [120.95487743657019, 30.424968188259346], [120.94378764334805, 30.424303803237727], [120.93946680772287, 30.413098104013745], [120.92221897529073, 30.417744493350785], [120.90770015845654, 30.413994323217803], [120.89874178495326, 30.39930610758786], [120.91526721091235, 30.382566648960115], [120.9046946637754, 30.370825807184932], [120.88742011147963, 30.37400516458167], [120.87325800731105, 30.363780428243448], [120.86153955112844, 30.367499327354814], [120.83867772460188, 30.355312615722347], [120.83297008304531, 30.345997551417828], [120.80432036369608, 30.3453688161587], [120.78603355926028, 30.33163925200629], [120.77619232274017, 30.346809118693603], [120.75237178162331, 30.347143504191486], [120.72115359479687, 30.378049557975853], [120.64830085980547, 30.39740206511104], [120.49395793994745, 30.39663509587777], [120.408361083103, 30.387618773016623], [120.38532093978216, 30.37619007543754], [120.34700827960823, 30.28831906845729], [120.32795901447602, 30.284979170955193], [120.30429901445913, 30.295877255612123], [120.26290966650872, 30.294650951222007], [120.2628784172259, 30.274188164452955], [120.30507938155135, 30.23073868514836], [120.3356956069283, 30.219550799932342], [120.3778073475953, 30.222841632236882], [120.39291922081549, 30.237489745316765], [120.39247328415593, 30.25586570011685], [120.4020291480009, 30.268703434033593], [120.40010280159086, 30.28458682564455], [120.42207280806393, 30.28955422941389], [120.46191936620728, 30.316647736463906], [120.49468479406261, 30.319385621772458], [120.55737532927652, 30.28270506380806], [120.55886019107992, 30.256173373980022], [120.58260938408424, 30.16484651651282], [120.58677415205604, 30.155188131958276], [120.61527232298153, 30.135407572364556], [120.59284742045978, 30.115439729332163], [120.61138836274509, 30.118752821538163], [120.62893498089302, 30.105371010452927], [120.64407808913046, 30.10642342579242], [120.67819909020588, 30.093652558428648], [120.68163264142673, 30.097572052754643], [120.63427701162514, 30.13766388959265], [120.63298833030227, 30.146243198293163], [120.69172805137708, 30.112469916763782], [120.70709411940216, 30.112469902595418], [120.72987559792266, 30.12364445187934], [120.80560008986734, 30.128005434243313], [120.82707954228985, 30.121227591307374], [120.83168135138693, 30.1230380238812], [120.82774400256572, 30.130819126047953], [120.84947317453911, 30.136767559597647], [120.85800793802099, 30.13121151058714], [120.8611070086666, 30.142653620350952], [120.87740055037591, 30.153266288474153], [120.89076895107958, 30.148477136078668], [120.91589152326716, 30.168146242871803], [121.00995620961757, 30.209705144257125], [121.05462754363451, 30.24281841181747], [121.07766771699225, 30.25204869377133], [121.0913303547601, 30.272707732582678], [121.18472181581829, 30.308728329380425], [121.23345977517161, 30.314783809581662], [121.27983885303648, 30.312300094183517], [121.38484178402521, 30.276582720839457], [121.45121996041844, 30.227318544539035], [121.57029577006999, 30.099520691272875], [121.57480393098288, 30.078549542477976], [121.59278751163748, 30.0499979592521], [121.60502775891725, 30.049957778193875], [121.62143723768234, 30.03480130419758], [121.6291916371861, 30.010004218473814], [121.67829073890435, 29.96200646561855], [121.7067532108735, 29.959331017574588], [121.72297537356108, 29.964842505776904], [121.7178295791323, 29.95200024451385], [121.72300659637257, 29.948754081820084], [121.74150741166386, 29.967375222866476], [121.7460423155852, 29.966447733349], [121.7421540240729, 29.956084817100216], [121.75058173133294, 29.965720915529076], [121.76725876097616, 29.970590293980447], [121.77303324667186, 29.96253269658853], [121.80372525639322, 29.953734832853435], [121.81424429797929, 29.93533663527909], [121.83056018089528, 29.92725222539899], [121.83511292828398, 29.918383102382037], [121.84866406477356, 29.939809074971738], [121.85047892975655, 29.927867607828603], [121.85941495396158, 29.92161153809421], [121.9031810452935, 29.917723138149007], [121.9464120425486, 29.887936351695334], [121.99867275568718, 29.88841792649447], [122.01306671528911, 29.87283783034599], [122.02488773143895, 29.883428213164194], [122.08394860177287, 29.88665213785777], [122.09338846801658, 29.889978618381264], [122.09681756231797, 29.8999269054594], [122.10584271825961, 29.897411962581142], [122.12140502704904, 29.90477395205605], [122.13079145493515, 29.89807638043098], [122.13648126698415, 29.881394888871654], [122.10207484530018, 29.86032112132403], [122.0403519481245, 29.83962204100086], [121.9469070440769, 29.789746974155367], [121.88107288290578, 29.76510153606878], [121.86926070301742, 29.75366389889257], [121.86289307455326, 29.714949979794714], [121.84715245096163, 29.699624052425044], [121.84594853139, 29.690879762976056], [121.8281611792531, 29.69648487343165], [121.83556324906178, 29.687343711343168], [121.77449588125745, 29.650217193478237], [121.72744788764685, 29.59042513064311], [121.71515861324407, 29.586715192151708], [121.69764768633372, 29.59313630303014], [121.70893814532354, 29.56866475348599], [121.6993421755252, 29.558003057586077], [121.68820334983486, 29.561369673173054], [121.64911485069192, 29.546922126037952], [121.64140063176183, 29.57152297226067], [121.63947427960834, 29.54356442680632], [121.6173392905823, 29.546730450549614], [121.591315988245, 29.53806635195328], [121.5676292474132, 29.545847506974738], [121.56333958414064, 29.53695159901234], [121.54871821103356, 29.534940517695908], [121.51978752376297, 29.50542574562394], [121.51171662081019, 29.555095648516932], [121.5009612147677, 29.545067198289605], [121.48055193159438, 29.54044755267769], [121.46853467386532, 29.528144857393368], [121.46991250392747, 29.516002731484527], [121.45336481578676, 29.522793958176287], [121.44700606623495, 29.517063985799187], [121.45014974088905, 29.499040319900494], [121.45696328497719, 29.494523290049248], [121.42285117260654, 29.466127708333058], [121.42636042885822, 29.45311157782609], [121.43814143519579, 29.446828729068926], [121.43988939284972, 29.430294385714372], [121.43382949570518, 29.416827835155818], [121.44130740931065, 29.410210555606007], [121.46296077483511, 29.417527931193494], [121.47290458818223, 29.4632961519708], [121.49630591951957, 29.482697755860315], [121.50998648268899, 29.485770044579358], [121.50694090222757, 29.468700601490863], [121.49936929773132, 29.461949503927748], [121.50627203481457, 29.460981859496886], [121.5063166493334, 29.45366897392252], [121.51515451326127, 29.4534951045999], [121.53002114849835, 29.465949383475024], [121.51943971031304, 29.443591395791064], [121.51251920574076, 29.443729631140926], [121.50933985255504, 29.421434146618143], [121.48095773501012, 29.402558789259814], [121.48163102038257, 29.38123090639022], [121.48763297841849, 29.37338286170908], [121.48774889036302, 29.387799105331407], [121.54725561368669, 29.42988412115444], [121.55504119661286, 29.44519219118813], [121.55316390080108, 29.4558851842877], [121.57460772701656, 29.473217667122587], [121.6234973414541, 29.489783223363922], [121.6582336904561, 29.493881128695428], [121.67476806565084, 29.51443313158774], [121.71280418973294, 29.534534760598156], [121.73754774238411, 29.531087852432055], [121.7313986950516, 29.52453296761231], [121.73580869598284, 29.51984203435454], [121.7755749586221, 29.532786833338978], [121.7581710990528, 29.49889320699124], [121.76331243445047, 29.4774716710148], [121.77705981393632, 29.46527601147608], [121.80602171308453, 29.47635244433281], [121.82982441146699, 29.525558611087458], [121.85724790307707, 29.523703634551236], [121.83817625516625, 29.533313026625788], [121.83270941995363, 29.54304717851858], [121.80966036673395, 29.547305621681275], [121.74399114470876, 29.539515591228657], [121.74482504336984, 29.552866148447112], [121.76738803663349, 29.56513761250874], [121.79057986031815, 29.6003644772136], [121.81566676606339, 29.600244044967624], [121.8300919408531, 29.61141856529179], [121.85166064795568, 29.60510006082786], [121.86885047370987, 29.621228645128493], [121.87515114333836, 29.615864290877276], [121.8958502708382, 29.620836184699233], [121.91840441596996, 29.640184277991565], [121.93707473128049, 29.632452176846158], [121.95524110098972, 29.633410841398234], [121.94833388239971, 29.62509468465185], [121.95434030482524, 29.609706285089544], [121.96836416563885, 29.615030495970117], [121.97969030485127, 29.593880981548292], [121.99282683975643, 29.601728963935802], [121.99678650115487, 29.59829546507911], [121.99590357154977, 29.584316187091158], [121.97553443681282, 29.574336718291974], [121.99028066010945, 29.572120541338634], [121.9896697659952, 29.567536620445477], [121.95097373180248, 29.559643955830737], [121.95387215521518, 29.53638530817504], [121.92679202584273, 29.541383924539765], [121.91858725659648, 29.530494850096087], [121.92076777697653, 29.514986034044746], [121.95285096766062, 29.50945681932277], [121.95623102223242, 29.50248720510919], [121.94135991364914, 29.500315621077412], [121.94925694726217, 29.49282434779297], [121.94218035247097, 29.479402446372923], [121.97856662033475, 29.458101350722902], [121.97918200173113, 29.44638728743145], [121.96919360123815, 29.4476581308199], [121.97403618924145, 29.43396420169426], [121.96215265817418, 29.42713283705921], [121.96808777249113, 29.426165242778357], [121.969175724789, 29.41464741840651], [121.9456049153374, 29.424372686885], [121.9239515752236, 29.418384064390583], [121.91152405725117, 29.400904391509897], [121.91589844434887, 29.39558469474799], [121.90727895683703, 29.39451904375181], [121.90357343375092, 29.38165005962884], [121.92986878691084, 29.36705984835178], [121.91616151153585, 29.34647215095834], [121.92146335355037, 29.33605129266864], [121.9315053158233, 29.33275596290247], [121.91221074931475, 29.316680932359255], [121.92362159239296, 29.30743721233048], [121.91158648397916, 29.303111885488327], [121.9100703466915, 29.292071174898275], [121.92186913346207, 29.288044610521908], [121.9281430784881, 29.274533546954427], [121.95176745350072, 29.267104677861617], [121.98369009430938, 29.283090570750534], [121.99568954008062, 29.277802068327865], [121.98948253203599, 29.269164749671706], [121.99385242663814, 29.26384503836423], [121.9694923804885, 29.261891987150133], [121.9662907227524, 29.250262581218365], [121.95796114983858, 29.25065950021501], [121.97215445637694, 29.22254481713839], [121.96023079983591, 29.20589453605804], [121.96782023020285, 29.196731106602908], [121.95284211489681, 29.197493590329206], [121.9532612317265, 29.21190098887732], [121.96060094134742, 29.218629769609866], [121.95612401118701, 29.228346105857735], [121.94946204280234, 29.22870287702809], [121.9351884585532, 29.196222771753202], [121.90617311313167, 29.188932110967357], [121.87677875657599, 29.168482695654376], [121.84612236991244, 29.161633526357893], [121.81301803578, 29.195794729767325], [121.80095169865932, 29.198349759156763], [121.83954524599174, 29.242022192730335], [121.81874348956609, 29.25584546319493], [121.81798105124162, 29.279893322158927], [121.83963890356556, 29.29613782650579], [121.8232873363491, 29.299629294216192], [121.81052984040245, 29.295098924552835], [121.80330609405644, 29.300895705422633], [121.81025783187849, 29.310986649362935], [121.82026852433361, 29.310977734509084], [121.82032205223977, 29.321215845731718], [121.83711498678365, 29.325028360499708], [121.82295288232523, 29.330352510793677], [121.8306448965949, 29.340630767450318], [121.79125313386986, 29.33062008958487], [121.80087147973404, 29.350891129737267], [121.78921087561895, 29.360331084957785], [121.79956936988533, 29.36407671979422], [121.80856336893144, 29.378515287730046], [121.77617695286558, 29.3633320807152], [121.77113366218411, 29.370542443437557], [121.76902009635315, 29.354498569905566], [121.78037300170251, 29.35112299835945], [121.78249991318305, 29.341883803085867], [121.76621976874382, 29.3305308656198], [121.77850014211666, 29.32608959724884], [121.76653187603483, 29.31589617715092], [121.77745673403896, 29.305635761712466], [121.76798112048414, 29.29915218990432], [121.77011252764277, 29.2811329777729], [121.78011882663864, 29.27256256851958], [121.77821475537183, 29.254632517628647], [121.7496408389255, 29.1942295304371], [121.74138706273501, 29.188548695162535], [121.73174203277198, 29.201083179631325], [121.74447722403593, 29.231949072581113], [121.73364158973487, 29.254329325003408], [121.74210498044367, 29.285074795543217], [121.72836644168379, 29.28828983292156], [121.71858322030754, 29.270105617072666], [121.73146104901653, 29.270671931223568], [121.72952579886541, 29.25127928258372], [121.73938041662193, 29.228506674471763], [121.73093934441232, 29.215936481269168], [121.69149863123282, 29.183541089377993], [121.66425351096512, 29.188285597507047], [121.66124807876938, 29.18312196795463], [121.65244138389399, 29.19187071088737], [121.64637698411617, 29.24235661451884], [121.6556474657139, 29.28660428075297], [121.66935920353588, 29.300806527359377], [121.66172964248126, 29.309947695774238], [121.66893109856346, 29.32087247077306], [121.64617185250324, 29.29835851954402], [121.63630829964639, 29.303985913667617], [121.62323872065964, 29.29631617226043], [121.62582942849434, 29.286024617597114], [121.64021895746482, 29.28029914248604], [121.64016986945393, 29.187108355025803], [121.62830422084396, 29.188392573548626], [121.60946454929505, 29.22450685749865], [121.59615409404104, 29.280562219944912], [121.58984453290388, 29.266903974530535], [121.57141947410983, 29.273329573327416], [121.55770330997628, 29.267960799080033], [121.53456949089622, 29.27656682640795], [121.52249872480262, 29.270533661163793], [121.4782019739825, 29.271189215996806], [121.45639254829469, 29.2561441484637], [121.4840924658921, 29.268357676300187], [121.53316935003578, 29.26844679934569], [121.546983579492, 29.25877057324018], [121.54744733512388, 29.239538470179617], [121.53074354282032, 29.219387789320898], [121.53040909189104, 29.206028384375188], [121.52036273797991, 29.203714076268938], [121.52802347622686, 29.186640195814718], [121.5348682121127, 29.184415099628318], [121.51789692886823, 29.181614756077966], [121.51432964106901, 29.172281831682966], [121.48903315203206, 29.160233380460042], [121.48838657827304, 29.191799326235326], [121.4795352378466, 29.19970084171702], [121.48213940270223, 29.169980961097483], [121.46917673931941, 29.156023965518465], [121.44492369102637, 29.16672578841617], [121.4190341558209, 29.169098067412303], [121.41394631956011, 29.145585265831915], [121.44463389047155, 29.154405342920256], [121.438725514768, 29.13696575888769], [121.46028085943416, 29.13258247206299], [121.4500828736342, 29.124208272778123], [121.45359662132763, 29.1124407016183], [121.39569967727357, 29.10852114082781], [121.41618927509745, 29.100196021519704], [121.4419316658384, 29.111620268801694], [121.4587112193365, 29.097507175661526], [121.55433663725255, 29.11674826223894], [121.56683105513403, 29.111901198612358], [121.5733859077695, 29.11741264718322], [121.58732066276939, 29.112953483656465], [121.5932334055913, 29.1021758370997], [121.64636801995078, 29.105488964628982], [121.62787613463667, 29.098760196945193], [121.63105993271547, 29.047284377095796], [121.58934951569209, 29.043329103446187], [121.58067212841571, 29.048305469799672], [121.58167094414762, 29.05915445076079], [121.56964033625198, 29.06336388194202], [121.56900710662045, 29.05710774913741], [121.53053402105782, 29.058708519000596], [121.53943883699392, 29.05372771231294], [121.53884133052453, 29.03932037053965], [121.52600799608062, 29.02076604764473], [121.53089068698075, 29.016280258245736], [121.5246167243204, 29.003027779563457], [121.56736170338918, 29.02036029278438], [121.54609621913656, 29.025590811051156], [121.55206248963151, 29.04490765402085], [121.56339314713793, 29.050954177850993], [121.59201161194034, 29.03616781104289], [121.62557969178002, 29.037991553733814], [121.6580955000582, 29.05383921360076], [121.65598189690733, 29.036328292066745], [121.66190359316224, 29.026803714268187], [121.67517831173994, 29.03425933040224], [121.67962401337543, 29.023089243458774], [121.7058569222932, 29.016900008142706], [121.70136215008834, 29.008842441402393], [121.67838444449642, 29.011624863813307], [121.67883478709184, 28.99280750468094], [121.66451212511454, 28.99038173592629], [121.66770933721791, 28.976317725990686], [121.67928512788984, 28.964581387675523], [121.68974173399246, 28.97356202562984], [121.694410435608, 28.970953438487218], [121.68862694478501, 28.949759354791734], [121.7048714663317, 28.96216453568914], [121.71090462832817, 28.957027659716346], [121.70540651371007, 28.94690105543925], [121.72354173139935, 28.9496522909032], [121.72763069458793, 28.94267383084685], [121.70809093265493, 28.931378957243368], [121.69748718742171, 28.916552434094775], [121.67571785050885, 28.919727284173717], [121.66110980503676, 28.91501404329231], [121.62196336594039, 28.925849675868175], [121.60624949982254, 28.942673818663685], [121.59056236934299, 28.93296192958481], [121.5618992962031, 28.93604314519035], [121.55668660321352, 28.965196788132033], [121.53757940472903, 28.960978458008906], [121.52248975088345, 28.946441737756977], [121.50927746357704, 28.95004027903543], [121.49738503481231, 28.939619315899332], [121.49765701244553, 28.93166874825645], [121.52301598728482, 28.938905908789994], [121.5233370425782, 28.932631891101554], [121.5299810734267, 28.9322885612307], [121.52340831063263, 28.916539026748655], [121.54049559433287, 28.906586359906804], [121.58603645855605, 28.895438561411662], [121.61392362678956, 28.899264506699833], [121.62185638208284, 28.894292591151267], [121.6239075993509, 28.88150386984583], [121.6400227793647, 28.88054961091056], [121.63231742868304, 28.86732842918009], [121.63155494231029, 28.846651525682525], [121.66568040628768, 28.844908009889966], [121.66966244357619, 28.833956480111155], [121.680052077797, 28.83207032215528], [121.67777348611612, 28.822710672344527], [121.66075311197768, 28.819718608158052], [121.64272946752875, 28.802122918205264], [121.67357751696802, 28.80273830276132], [121.67874116887957, 28.800120823001194], [121.6766810265146, 28.785115972467253], [121.64497238647536, 28.787653183124238], [121.63494831545718, 28.776367192985546], [121.62492866762464, 28.719304119625843], [121.61821329957115, 28.716093517920058], [121.6112392343538, 28.721257137591497], [121.57417517140728, 28.717614063618818], [121.5275196530749, 28.69137671370621], [121.49447768354725, 28.69683022907216], [121.44362612169242, 28.6915417397974], [121.44228389848067, 28.68467027108434], [121.49935152056081, 28.654098645203767], [121.52092017548097, 28.57843661962537], [121.56860579519538, 28.49764660358171], [121.5616005585088, 28.49234921753856], [121.54206524992159, 28.49650064208322], [121.53791827751242, 28.491154177046212], [121.580110279834, 28.48529044439494], [121.57076395965971, 28.452038970318437], [121.57367581888094, 28.437136628812137], [121.56305870459703, 28.42857513480393], [121.59161473515442, 28.379921923433294], [121.5856172691531, 28.35767993007799], [121.59449532564321, 28.35394315723617], [121.61214889661044, 28.360484718112783], [121.62191879659946, 28.3360354097208], [121.65469316090983, 28.35166455968991], [121.65083165132154, 28.3449759279966], [121.66676400977816, 28.343887878413863], [121.64460667822627, 28.327420433888577], [121.65014935520895, 28.322916762320556], [121.64209177104229, 28.31242004100804], [121.63838179804576, 28.287622951033534], [121.61826231003529, 28.276332564644186], [121.61705837012882, 28.266531434960324], [121.6238183751308, 28.263048839643314], [121.58567970356786, 28.24836055671993], [121.57953057668128, 28.257260975506412], [121.59114210342523, 28.268315070063867], [121.5953693361726, 28.285995377958503], [121.5819608341885, 28.306752487360725], [121.55909452782443, 28.31766392786295], [121.54789776164257, 28.31391379932412], [121.5446069330223, 28.3238041425577], [121.5214463319612, 28.33283383357002], [121.48185841127763, 28.336329765922656], [121.46446349818345, 28.329979970811596], [121.45082756517863, 28.313102257876842], [121.46006685055933, 28.304768188195712], [121.44753229922011, 28.303550849674707], [121.44583336710753, 28.292091022768982], [121.4251342417275, 28.30481728614572], [121.40646838298271, 28.304754803578522], [121.40157230857359, 28.297111917495315], [121.41029436021412, 28.28691398663907], [121.40660661572302, 28.280711364293325], [121.43405689362581, 28.263887136057946], [121.42105857166622, 28.25326557520529], [121.42964234697494, 28.247040719477507], [121.40588431513164, 28.230350294585254], [121.36987260815415, 28.22413431584666], [121.36412924312934, 28.210444884581147], [121.37872387774065, 28.199096419908614], [121.36432990623906, 28.188702257053546], [121.36461528348377, 28.18075616579096], [121.37946414284713, 28.17985096623896], [121.38885941261913, 28.188662161430376], [121.3864916288154, 28.168012048854003], [121.36871317476121, 28.15434041724662], [121.36271569259678, 28.139612071376213], [121.3443665099277, 28.14141798653905], [121.34554372447465, 28.151219098404088], [121.3301999127433, 28.150875731623767], [121.33601458631892, 28.15724778504795], [121.33055222229886, 28.166130271888516], [121.31433894929468, 28.16872551866926], [121.29974429847087, 28.190102427575646], [121.2827596109282, 28.19041012044229], [121.27442101904937, 28.197459937827688], [121.27734173694061, 28.211617562902813], [121.25749877644151, 28.253154151863388], [121.26023217148736, 28.269612658991335], [121.27102768449983, 28.277781745909024], [121.25435514527919, 28.281424842071623], [121.2499361578612, 28.295087518442806], [121.23169842030866, 28.303145113006636], [121.23082445852367, 28.317374049079778], [121.21785734158092, 28.318020660809783], [121.21425438433651, 28.325815172524802], [121.22514354934805, 28.33732853712541], [121.25758348102914, 28.34114108564023], [121.2759772541849, 28.36109108961157], [121.257784152067, 28.350335745580146], [121.22502309598882, 28.35363553058865], [121.2124707292178, 28.362843577621636], [121.22241012757424, 28.374579910202343], [121.20929584746106, 28.380247418190475], [121.19879916624205, 28.375199691908914], [121.2060986905356, 28.384898290585735], [121.19908896466941, 28.38857704804067], [121.17121964566874, 28.38926367551081], [121.16696115036359, 28.378053516981563], [121.18430266230783, 28.359989678956076], [121.1788848149227, 28.35067914714657], [121.14296679821966, 28.338960550114837], [121.13707626267284, 28.328401479983626], [121.14710929041868, 28.322377188376155], [121.12980353389015, 28.308460351813263], [121.12737327706883, 28.304741467963044], [121.1364698764987, 28.29935929951244], [121.12431877623872, 28.29455241464099], [121.12059102545814, 28.28541566994273], [121.08348238354442, 28.283110317671724], [121.07826967853262, 28.30535238861142], [121.07150073887485, 28.29773173862464], [121.04933905671004, 28.310636407742177], [121.0489198657146, 28.301655757263028], [121.03118155415065, 28.288568311494345], [121.07507250493866, 28.276145245673195], [121.10624605639848, 28.277086104893375], [121.12779245619039, 28.24621126147209], [121.11505723429886, 28.212986551011802], [121.10237110807118, 28.20442058374109], [121.09642269558039, 28.190303056617026], [121.10399867684008, 28.180564422327073], [121.09571816670699, 28.16795404101075], [121.07755174962494, 28.167628544053063], [121.04357785204408, 28.143522682414133], [121.02644150025891, 28.147147912122765], [121.00045832328668, 28.1212271830543], [120.98980110456311, 28.0946464746415], [120.99607062848446, 28.09015612955391], [120.98832961814318, 28.08024799834592], [120.99304736114559, 28.044637594942323], [120.95455194234646, 27.99111502542885], [120.95844468412308, 27.984992690755462], [120.94763135090524, 27.986415131034168], [120.94593688460354, 27.980029759673616], [120.9265131015889, 27.989884361924766], [120.87958994106882, 27.99854389581088], [120.8186786574937, 27.989001454452517], [120.79667740555297, 27.996430323395813], [120.77871613512984, 28.018846170490658], [120.66670351569375, 28.051139011918803], [120.65828478114963, 28.040802831807405], [120.64314162676561, 28.036825257902755], [120.65025391461609, 28.024816952420803], [120.71270808213528, 28.014351417858645], [120.7371796734401, 27.98683428553036], [120.7635507456665, 27.97370675283339], [120.80845838932373, 27.970549653634514], [120.85854300026867, 27.942430544192028], [120.86492843401227, 27.93188037038306], [120.8524474284087, 27.905941761278413], [120.84736850367739, 27.872783882460904], [120.80716519449932, 27.84746063072891], [120.77059612677277, 27.81371417858803], [120.74965617867616, 27.785795766922213], [120.7319848096737, 27.742573649136997], [120.71005047472325, 27.723234514938348], [120.6802057281668, 27.722810922973686], [120.66919619945854, 27.710209516083594], [120.67434646589157, 27.69551229360783], [120.6648485590107, 27.68853826421167], [120.65708971862189, 27.65958980770526], [120.6718672218465, 27.64911983336032], [120.67550582800422, 27.638855007338258], [120.65786118377, 27.635541882922], [120.65751779416888, 27.614856104655523], [120.64038591200212, 27.614878411697738], [120.63567267321352, 27.59905304117949], [120.62129655725342, 27.594857052840855], [120.61038959074266, 27.601902370241447], [120.59712818446181, 27.59454938328209], [120.58857116531088, 27.57250803973345], [120.6085524160675, 27.50306194329309], [120.62938088291864, 27.487107288666543], [120.63474071248933, 27.499155826274272], [120.65817333138703, 27.499258370052015], [120.66309168206024, 27.484770780526166], [120.68398701717733, 27.47403326549758], [120.66219090124476, 27.44549052224083], [120.6471771418401, 27.44380943629195], [120.6488715790118, 27.432920312546376], [120.63841945085598, 27.42428306363956], [120.6385799812387, 27.40567963167963], [120.64694079469567, 27.40159513298369], [120.64100125312059, 27.395820609839177], [120.6499105919985, 27.38274651739989], [120.64399778358693, 27.37926841441303], [120.6437615182371, 27.36485211326415], [120.62452046576016, 27.361556889436862], [120.61499132080333, 27.366073920308153], [120.621960973378, 27.3766420301594], [120.61102272373954, 27.380967305522507], [120.61022902447962, 27.38996577885898], [120.59108163776239, 27.378305268155245], [120.57543910513543, 27.39585630575898], [120.54415853105175, 27.401902828094283], [120.54773915854545, 27.391406110635348], [120.53887892874825, 27.393194207338034], [120.53778647600869, 27.38338412481652], [120.55206456901671, 27.382991752867376], [120.55322391247098, 27.367719331928804], [120.53201196496912, 27.357958362833518], [120.53218141455366, 27.33872624937331], [120.50900303084414, 27.338182214260993], [120.52124772149682, 27.32757852967143], [120.5388031240565, 27.32839900331538], [120.5410104011795, 27.319592249243872], [120.56099607116245, 27.326441423649506], [120.55605538876085, 27.308952836810338], [120.54400692790993, 27.30200114407721], [120.55792827919032, 27.294714901485786], [120.54588869131263, 27.287553653359247], [120.54528219807166, 27.278363409329806], [120.52268793774505, 27.26924903714752], [120.51813074059666, 27.246521012886845], [120.54029250669802, 27.24310529695696], [120.52631318015133, 27.231578518552787], [120.52850705754703, 27.22172838444683], [120.51938826003342, 27.22246861133586], [120.50935525758852, 27.207758036867624], [120.51735490976006, 27.19595029639136], [120.49830564701253, 27.188039863119894], [120.47596101012643, 27.16260964020737], [120.45858841409554, 27.18832519918618], [120.46631597122008, 27.189899286112407], [120.46842070557878, 27.205550716781662], [120.45085186608557, 27.218722950230614], [120.44546521562896, 27.212194810098147], [120.43285935648211, 27.307530397413643], [120.41330623258794, 27.348045787401944], [120.38871877251918, 27.387482025151556], [120.34758799769943, 27.407030743129532], [120.2474231964641, 27.4206711584205], [120.0399991636852, 27.387450905085462], [119.94727216580557, 27.355835822716006], [119.92153870317158, 27.310633970260387], [119.88343123878334, 27.28438762413979], [119.83581697979233, 27.264745326587335], [119.79539522364216, 27.267309283657962], [119.7743081490653, 27.31028609440368], [119.73505461786378, 27.30640228350296], [119.71289738971325, 27.37879132103569], [119.70688647660883, 27.53966224417166], [119.68285192290877, 27.574978351904512], [119.64197537604491, 27.60145647259579], [119.61768222230774, 27.639510427027922], [119.52803641360538, 27.65221442250835], [119.47352394945105, 27.59363523775635], [119.45117043560708, 27.554729613884472], [119.41157366167016, 27.53040965878461], [119.36365614405125, 27.520287480923916], [119.33742321087814, 27.481586943215824], [119.24130286098095, 27.423605267924668], [119.14940524298098, 27.432376338332784], [119.11239470976321, 27.46373272612056], [119.06807567949072, 27.479981638953], [118.96787971887443, 27.47922361368057], [118.87047511930776, 27.496373344390157], [118.91491898946875, 27.561057002053108], [118.90911322996645, 27.647389710722816], [118.89914714794637, 27.68983143831995], [118.84052330924614, 27.810329716209715], [118.75370907062641, 27.9596738949336], [118.72401594052923, 28.042956568261577], [118.7735966733643, 28.211167223022176], [118.76984210457896, 28.254750453736687], [118.67803371062449, 28.287364356342316], [118.62657120307425, 28.271614775186695], [118.53115981305433, 28.29162277142064], [118.48226132782597, 28.281728019403932], [118.43187793881357, 28.28047945358033], [118.42632187351249, 28.3962422444472], [118.44532658274983, 28.481366438479082], [118.42024409128213, 28.519630024713813], [118.3994692013003, 28.57213141519554], [118.41754192205907, 28.61388202628345], [118.40153373763403, 28.743222680300214], [118.41551297114907, 28.78529432725389], [118.36858985552881, 28.797271444477964], [118.25587277556285, 28.899367043308505], [118.14089927146487, 29.017020454161585], [118.07431599721163, 29.05094523621849], [118.03919164538398, 29.081374173961194], [118.01499211115602, 29.119651058770042], [117.98269478197359, 29.202135567089766], [118.0129097164167, 29.242410130882302], [118.1155091515467, 29.232230053605267], [118.16636076439079, 29.218678787254415], [118.18828610330495, 29.25059258517692], [118.20560528574106, 29.336225177226122], [118.19510854021006, 29.378773899235306], [118.17415526875281, 29.41830825874395]]]]}}]}